video_name,timestamp,x1,y1,x2,y2,action_label,person_id
1,1,0.91093775,0.591667,0.93125025,0.666667,1,0
1,1,0.91093775,0.591667,0.93125025,0.666667,101,0
1,1,0.91093775,0.591667,0.93125025,0.666667,201,0
1,1,0.91093775,0.591667,0.93125025,0.666667,301,0
1,1,0.91093775,0.591667,0.93125025,0.666667,401,0
1,1,0.91093775,0.591667,0.93125025,0.666667,501,0
1,1,0.91093775,0.591667,0.93125025,0.666667,601,0
1,1,0.91093775,0.591667,0.93125025,0.666667,701,0
1,1,0.52499975,0.608333,0.55156225,0.7388889999999999,1,1
1,1,0.52499975,0.608333,0.55156225,0.7388889999999999,101,1
1,1,0.52499975,0.608333,0.55156225,0.7388889999999999,201,1
1,1,0.52499975,0.608333,0.55156225,0.7388889999999999,301,1
1,1,0.52499975,0.608333,0.55156225,0.7388889999999999,401,1
1,1,0.52499975,0.608333,0.55156225,0.7388889999999999,501,1
1,1,0.52499975,0.608333,0.55156225,0.7388889999999999,601,1
1,1,0.52499975,0.608333,0.55156225,0.7388889999999999,701,1
1,1,0.7781247499999999,0.6222222000000001,0.79218725,0.6777778,1,5
1,1,0.7781247499999999,0.6222222000000001,0.79218725,0.6777778,101,5
1,1,0.7781247499999999,0.6222222000000001,0.79218725,0.6777778,201,5
1,1,0.7781247499999999,0.6222222000000001,0.79218725,0.6777778,301,5
1,1,0.7781247499999999,0.6222222000000001,0.79218725,0.6777778,401,5
1,1,0.7781247499999999,0.6222222000000001,0.79218725,0.6777778,501,5
1,1,0.7781247499999999,0.6222222000000001,0.79218725,0.6777778,601,5
1,1,0.7781247499999999,0.6222222000000001,0.79218725,0.6777778,701,5
1,1,0.442187,0.5972219,0.460937,0.6944441,1,6
1,1,0.442187,0.5972219,0.460937,0.6944441,101,6
1,1,0.442187,0.5972219,0.460937,0.6944441,201,6
1,1,0.442187,0.5972219,0.460937,0.6944441,301,6
1,1,0.442187,0.5972219,0.460937,0.6944441,401,6
1,1,0.442187,0.5972219,0.460937,0.6944441,501,6
1,1,0.442187,0.5972219,0.460937,0.6944441,601,6
1,1,0.442187,0.5972219,0.460937,0.6944441,701,6
1,1,0.148438,0.605555,0.198438,0.8111109999999999,1,7
1,1,0.148438,0.605555,0.198438,0.8111109999999999,101,7
1,1,0.148438,0.605555,0.198438,0.8111109999999999,201,7
1,1,0.148438,0.605555,0.198438,0.8111109999999999,301,7
1,1,0.148438,0.605555,0.198438,0.8111109999999999,401,7
1,1,0.148438,0.605555,0.198438,0.8111109999999999,501,7
1,1,0.148438,0.605555,0.198438,0.8111109999999999,601,7
1,1,0.148438,0.605555,0.198438,0.8111109999999999,701,7
1,1,0.5156255,0.647222,0.6203124999999999,0.997222,1,14
1,1,0.5156255,0.647222,0.6203124999999999,0.997222,101,14
1,1,0.5156255,0.647222,0.6203124999999999,0.997222,201,14
1,1,0.5156255,0.647222,0.6203124999999999,0.997222,301,14
1,1,0.5156255,0.647222,0.6203124999999999,0.997222,401,14
1,1,0.5156255,0.647222,0.6203124999999999,0.997222,501,14
1,1,0.5156255,0.647222,0.6203124999999999,0.997222,601,14
1,1,0.5156255,0.647222,0.6203124999999999,0.997222,701,14
1,1,0.0062501999999999,0.605556,0.1578122,1.0,1,15
1,1,0.0062501999999999,0.605556,0.1578122,1.0,101,15
1,1,0.0062501999999999,0.605556,0.1578122,1.0,201,15
1,1,0.0062501999999999,0.605556,0.1578122,1.0,301,15
1,1,0.0062501999999999,0.605556,0.1578122,1.0,401,15
1,1,0.0062501999999999,0.605556,0.1578122,1.0,501,15
1,1,0.0062501999999999,0.605556,0.1578122,1.0,601,15
1,1,0.0062501999999999,0.605556,0.1578122,1.0,701,15
1,1,0.4359375,0.663889,0.5015625,0.938889,1,16
1,1,0.4359375,0.663889,0.5015625,0.938889,101,16
1,1,0.4359375,0.663889,0.5015625,0.938889,201,16
1,1,0.4359375,0.663889,0.5015625,0.938889,301,16
1,1,0.4359375,0.663889,0.5015625,0.938889,401,16
1,1,0.4359375,0.663889,0.5015625,0.938889,501,16
1,1,0.4359375,0.663889,0.5015625,0.938889,601,16
1,1,0.4359375,0.663889,0.5015625,0.938889,701,16
1,1,0.1875005,0.622222,0.2968754999999999,1.0,1,17
1,1,0.1875005,0.622222,0.2968754999999999,1.0,101,17
1,1,0.1875005,0.622222,0.2968754999999999,1.0,201,17
1,1,0.1875005,0.622222,0.2968754999999999,1.0,301,17
1,1,0.1875005,0.622222,0.2968754999999999,1.0,401,17
1,1,0.1875005,0.622222,0.2968754999999999,1.0,501,17
1,1,0.1875005,0.622222,0.2968754999999999,1.0,601,17
1,1,0.1875005,0.622222,0.2968754999999999,1.0,701,17
1,1,0.328125,0.627778,0.378125,0.855556,1,18
1,1,0.328125,0.627778,0.378125,0.855556,101,18
1,1,0.328125,0.627778,0.378125,0.855556,201,18
1,1,0.328125,0.627778,0.378125,0.855556,301,18
1,1,0.328125,0.627778,0.378125,0.855556,401,18
1,1,0.328125,0.627778,0.378125,0.855556,501,18
1,1,0.328125,0.627778,0.378125,0.855556,601,18
1,1,0.328125,0.627778,0.378125,0.855556,701,18
1,1,0.7859375,0.666666,0.9625005,0.997222,1,19
1,1,0.7859375,0.666666,0.9625005,0.997222,101,19
1,1,0.7859375,0.666666,0.9625005,0.997222,201,19
1,1,0.7859375,0.666666,0.9625005,0.997222,301,19
1,1,0.7859375,0.666666,0.9625005,0.997222,401,19
1,1,0.7859375,0.666666,0.9625005,0.997222,501,19
1,1,0.7859375,0.666666,0.9625005,0.997222,601,19
1,1,0.7859375,0.666666,0.9625005,0.997222,701,19
1,1,0.373437,0.6,0.417187,0.830556,1,20
1,1,0.373437,0.6,0.417187,0.830556,101,20
1,1,0.373437,0.6,0.417187,0.830556,201,20
1,1,0.373437,0.6,0.417187,0.830556,301,20
1,1,0.373437,0.6,0.417187,0.830556,401,20
1,1,0.373437,0.6,0.417187,0.830556,501,20
1,1,0.373437,0.6,0.417187,0.830556,601,20
1,1,0.373437,0.6,0.417187,0.830556,701,20
1,1,0.6000000000000001,0.6,0.78125,0.994444,1,21
1,1,0.6000000000000001,0.6,0.78125,0.994444,101,21
1,1,0.6000000000000001,0.6,0.78125,0.994444,201,21
1,1,0.6000000000000001,0.6,0.78125,0.994444,301,21
1,1,0.6000000000000001,0.6,0.78125,0.994444,401,21
1,1,0.6000000000000001,0.6,0.78125,0.994444,501,21
1,1,0.6000000000000001,0.6,0.78125,0.994444,601,21
1,1,0.6000000000000001,0.6,0.78125,0.994444,701,21
1,2,0.0,0.605556,0.066021125,0.8,1,22
1,2,0.0,0.605556,0.066021125,0.8,101,22
1,2,0.0,0.605556,0.066021125,0.8,201,22
1,2,0.0,0.605556,0.066021125,0.8,301,22
1,2,0.0,0.605556,0.066021125,0.8,402,22
1,2,0.0,0.605556,0.066021125,0.8,501,22
1,2,0.0,0.605556,0.066021125,0.8,602,22
1,2,0.0,0.605556,0.066021125,0.8,702,22
1,2,0.6640627499999999,0.594444,0.67812525,0.6694439999999999,1,23
1,2,0.6640627499999999,0.594444,0.67812525,0.6694439999999999,101,23
1,2,0.6640627499999999,0.594444,0.67812525,0.6694439999999999,201,23
1,2,0.6640627499999999,0.594444,0.67812525,0.6694439999999999,301,23
1,2,0.6640627499999999,0.594444,0.67812525,0.6694439999999999,401,23
1,2,0.6640627499999999,0.594444,0.67812525,0.6694439999999999,501,23
1,2,0.6640627499999999,0.594444,0.67812525,0.6694439999999999,601,23
1,2,0.6640627499999999,0.594444,0.67812525,0.6694439999999999,701,23
1,2,0.692188,0.6138892,0.704688,0.6694448,1,24
1,2,0.692188,0.6138892,0.704688,0.6694448,101,24
1,2,0.692188,0.6138892,0.704688,0.6694448,201,24
1,2,0.692188,0.6138892,0.704688,0.6694448,301,24
1,2,0.692188,0.6138892,0.704688,0.6694448,401,24
1,2,0.692188,0.6138892,0.704688,0.6694448,501,24
1,2,0.692188,0.6138892,0.704688,0.6694448,601,24
1,2,0.692188,0.6138892,0.704688,0.6694448,701,24
1,2,0.64062475,0.5972219000000001,0.65468725,0.6694441,1,25
1,2,0.64062475,0.5972219000000001,0.65468725,0.6694441,101,25
1,2,0.64062475,0.5972219000000001,0.65468725,0.6694441,201,25
1,2,0.64062475,0.5972219000000001,0.65468725,0.6694441,301,25
1,2,0.64062475,0.5972219000000001,0.65468725,0.6694441,401,25
1,2,0.64062475,0.5972219000000001,0.65468725,0.6694441,501,25
1,2,0.64062475,0.5972219000000001,0.65468725,0.6694441,601,25
1,2,0.64062475,0.5972219000000001,0.65468725,0.6694441,701,25
1,2,0.05156255,0.6166665,0.12187505,0.9027775,1,26
1,2,0.05156255,0.6166665,0.12187505,0.9027775,101,26
1,2,0.05156255,0.6166665,0.12187505,0.9027775,201,26
1,2,0.05156255,0.6166665,0.12187505,0.9027775,301,26
1,2,0.05156255,0.6166665,0.12187505,0.9027775,401,26
1,2,0.05156255,0.6166665,0.12187505,0.9027775,501,26
1,2,0.05156255,0.6166665,0.12187505,0.9027775,601,26
1,2,0.05156255,0.6166665,0.12187505,0.9027775,701,26
1,2,0.71406275,0.60277745,0.7281252500000001,0.66388855,1,27
1,2,0.71406275,0.60277745,0.7281252500000001,0.66388855,101,27
1,2,0.71406275,0.60277745,0.7281252500000001,0.66388855,201,27
1,2,0.71406275,0.60277745,0.7281252500000001,0.66388855,301,27
1,2,0.71406275,0.60277745,0.7281252500000001,0.66388855,401,27
1,2,0.71406275,0.60277745,0.7281252500000001,0.66388855,501,27
1,2,0.71406275,0.60277745,0.7281252500000001,0.66388855,601,27
1,2,0.71406275,0.60277745,0.7281252500000001,0.66388855,701,27
1,2,0.07656275,0.6194439999999999,0.14687525,0.947222,1,16
1,2,0.07656275,0.6194439999999999,0.14687525,0.947222,101,16
1,2,0.07656275,0.6194439999999999,0.14687525,0.947222,201,16
1,2,0.07656275,0.6194439999999999,0.14687525,0.947222,301,16
1,2,0.07656275,0.6194439999999999,0.14687525,0.947222,401,16
1,2,0.07656275,0.6194439999999999,0.14687525,0.947222,501,16
1,2,0.07656275,0.6194439999999999,0.14687525,0.947222,601,16
1,2,0.07656275,0.6194439999999999,0.14687525,0.947222,701,16
1,2,0.4249995,0.6027775000000001,0.4468745,0.7166665,1,28
1,2,0.4249995,0.6027775000000001,0.4468745,0.7166665,101,28
1,2,0.4249995,0.6027775000000001,0.4468745,0.7166665,201,28
1,2,0.4249995,0.6027775000000001,0.4468745,0.7166665,301,28
1,2,0.4249995,0.6027775000000001,0.4468745,0.7166665,401,28
1,2,0.4249995,0.6027775000000001,0.4468745,0.7166665,501,28
1,2,0.4249995,0.6027775000000001,0.4468745,0.7166665,601,28
1,2,0.4249995,0.6027775000000001,0.4468745,0.7166665,701,28
1,2,0.19531275,0.6194442,0.21562525,0.6999998000000001,1,29
1,2,0.19531275,0.6194442,0.21562525,0.6999998000000001,101,29
1,2,0.19531275,0.6194442,0.21562525,0.6999998000000001,201,29
1,2,0.19531275,0.6194442,0.21562525,0.6999998000000001,301,29
1,2,0.19531275,0.6194442,0.21562525,0.6999998000000001,401,29
1,2,0.19531275,0.6194442,0.21562525,0.6999998000000001,501,29
1,2,0.19531275,0.6194442,0.21562525,0.6999998000000001,601,29
1,2,0.19531275,0.6194442,0.21562525,0.6999998000000001,701,29
1,2,0.3796875,0.605555,0.4203125,0.886111,1,30
1,2,0.3796875,0.605555,0.4203125,0.886111,101,30
1,2,0.3796875,0.605555,0.4203125,0.886111,201,30
1,2,0.3796875,0.605555,0.4203125,0.886111,301,30
1,2,0.3796875,0.605555,0.4203125,0.886111,401,30
1,2,0.3796875,0.605555,0.4203125,0.886111,501,30
1,2,0.3796875,0.605555,0.4203125,0.886111,601,30
1,2,0.3796875,0.605555,0.4203125,0.886111,701,30
1,2,0.0921874999999999,0.6333335,0.2500005,0.9944445,1,31
1,2,0.0921874999999999,0.6333335,0.2500005,0.9944445,101,31
1,2,0.0921874999999999,0.6333335,0.2500005,0.9944445,201,31
1,2,0.0921874999999999,0.6333335,0.2500005,0.9944445,301,31
1,2,0.0921874999999999,0.6333335,0.2500005,0.9944445,401,31
1,2,0.0921874999999999,0.6333335,0.2500005,0.9944445,501,31
1,2,0.0921874999999999,0.6333335,0.2500005,0.9944445,601,31
1,2,0.0921874999999999,0.6333335,0.2500005,0.9944445,701,31
1,2,0.5250002500000001,0.6333329999999999,0.56093775,0.838889,1,32
1,2,0.5250002500000001,0.6333329999999999,0.56093775,0.838889,101,32
1,2,0.5250002500000001,0.6333329999999999,0.56093775,0.838889,201,32
1,2,0.5250002500000001,0.6333329999999999,0.56093775,0.838889,301,32
1,2,0.5250002500000001,0.6333329999999999,0.56093775,0.838889,401,32
1,2,0.5250002500000001,0.6333329999999999,0.56093775,0.838889,501,32
1,2,0.5250002500000001,0.6333329999999999,0.56093775,0.838889,601,32
1,2,0.5250002500000001,0.6333329999999999,0.56093775,0.838889,701,32
1,2,0.2468754999999999,0.6250005000000001,0.3062505,0.8611114999999999,1,33
1,2,0.2468754999999999,0.6250005000000001,0.3062505,0.8611114999999999,101,33
1,2,0.2468754999999999,0.6250005000000001,0.3062505,0.8611114999999999,201,33
1,2,0.2468754999999999,0.6250005000000001,0.3062505,0.8611114999999999,301,33
1,2,0.2468754999999999,0.6250005000000001,0.3062505,0.8611114999999999,401,33
1,2,0.2468754999999999,0.6250005000000001,0.3062505,0.8611114999999999,501,33
1,2,0.2468754999999999,0.6250005000000001,0.3062505,0.8611114999999999,601,33
1,2,0.2468754999999999,0.6250005000000001,0.3062505,0.8611114999999999,701,33
1,2,0.44062475,0.658333,0.50468725,0.938889,1,34
1,2,0.44062475,0.658333,0.50468725,0.938889,101,34
1,2,0.44062475,0.658333,0.50468725,0.938889,201,34
1,2,0.44062475,0.658333,0.50468725,0.938889,301,34
1,2,0.44062475,0.658333,0.50468725,0.938889,401,34
1,2,0.44062475,0.658333,0.50468725,0.938889,501,34
1,2,0.44062475,0.658333,0.50468725,0.938889,601,34
1,2,0.44062475,0.658333,0.50468725,0.938889,701,34
1,2,0.33281275,0.6333329999999999,0.40312525,0.933333,1,15
1,2,0.33281275,0.6333329999999999,0.40312525,0.933333,101,15
1,2,0.33281275,0.6333329999999999,0.40312525,0.933333,201,15
1,2,0.33281275,0.6333329999999999,0.40312525,0.933333,301,15
1,2,0.33281275,0.6333329999999999,0.40312525,0.933333,401,15
1,2,0.33281275,0.6333329999999999,0.40312525,0.933333,501,15
1,2,0.33281275,0.6333329999999999,0.40312525,0.933333,601,15
1,2,0.33281275,0.6333329999999999,0.40312525,0.933333,701,15
1,2,0.54218775,0.619445,0.6250002499999999,0.938889,1,14
1,2,0.54218775,0.619445,0.6250002499999999,0.938889,101,14
1,2,0.54218775,0.619445,0.6250002499999999,0.938889,201,14
1,2,0.54218775,0.619445,0.6250002499999999,0.938889,301,14
1,2,0.54218775,0.619445,0.6250002499999999,0.938889,401,14
1,2,0.54218775,0.619445,0.6250002499999999,0.938889,501,14
1,2,0.54218775,0.619445,0.6250002499999999,0.938889,601,14
1,2,0.54218775,0.619445,0.6250002499999999,0.938889,701,14
1,2,0.8088028125,0.6767218333333334,0.9478648125,0.9850548333333332,1,35
1,2,0.8088028125,0.6767218333333334,0.9478648125,0.9850548333333332,101,35
1,2,0.8088028125,0.6767218333333334,0.9478648125,0.9850548333333332,201,35
1,2,0.8088028125,0.6767218333333334,0.9478648125,0.9850548333333332,301,35
1,2,0.8088028125,0.6767218333333334,0.9478648125,0.9850548333333332,401,35
1,2,0.8088028125,0.6767218333333334,0.9478648125,0.9850548333333332,501,35
1,2,0.8088028125,0.6767218333333334,0.9478648125,0.9850548333333332,601,35
1,2,0.8088028125,0.6767218333333334,0.9478648125,0.9850548333333332,701,35
1,3,0.3703122499999999,0.6194445000000001,0.41249975,0.7833335,1,36
1,3,0.3703122499999999,0.6194445000000001,0.41249975,0.7833335,101,36
1,3,0.3703122499999999,0.6194445000000001,0.41249975,0.7833335,201,36
1,3,0.3703122499999999,0.6194445000000001,0.41249975,0.7833335,301,36
1,3,0.3703122499999999,0.6194445000000001,0.41249975,0.7833335,401,36
1,3,0.3703122499999999,0.6194445000000001,0.41249975,0.7833335,501,36
1,3,0.3703122499999999,0.6194445000000001,0.41249975,0.7833335,601,36
1,3,0.3703122499999999,0.6194445000000001,0.41249975,0.7833335,701,36
1,3,0.6109375,0.60833335,0.6265625,0.6666666499999999,1,37
1,3,0.6109375,0.60833335,0.6265625,0.6666666499999999,101,37
1,3,0.6109375,0.60833335,0.6265625,0.6666666499999999,201,37
1,3,0.6109375,0.60833335,0.6265625,0.6666666499999999,301,37
1,3,0.6109375,0.60833335,0.6265625,0.6666666499999999,401,37
1,3,0.6109375,0.60833335,0.6265625,0.6666666499999999,501,37
1,3,0.6109375,0.60833335,0.6265625,0.6666666499999999,601,37
1,3,0.6109375,0.60833335,0.6265625,0.6666666499999999,701,37
1,3,0.7843755,0.605556,0.8000005,0.6805559999999999,1,5
1,3,0.7843755,0.605556,0.8000005,0.6805559999999999,101,5
1,3,0.7843755,0.605556,0.8000005,0.6805559999999999,201,5
1,3,0.7843755,0.605556,0.8000005,0.6805559999999999,301,5
1,3,0.7843755,0.605556,0.8000005,0.6805559999999999,401,5
1,3,0.7843755,0.605556,0.8000005,0.6805559999999999,501,5
1,3,0.7843755,0.605556,0.8000005,0.6805559999999999,601,5
1,3,0.7843755,0.605556,0.8000005,0.6805559999999999,701,5
1,3,0.92187525,0.5944448,0.94531275,0.6888892,1,38
1,3,0.92187525,0.5944448,0.94531275,0.6888892,101,38
1,3,0.92187525,0.5944448,0.94531275,0.6888892,201,38
1,3,0.92187525,0.5944448,0.94531275,0.6888892,301,38
1,3,0.92187525,0.5944448,0.94531275,0.6888892,401,38
1,3,0.92187525,0.5944448,0.94531275,0.6888892,501,38
1,3,0.92187525,0.5944448,0.94531275,0.6888892,601,38
1,3,0.92187525,0.5944448,0.94531275,0.6888892,701,38
1,3,0.053125,0.613889,0.1125,0.908333,1,39
1,3,0.053125,0.613889,0.1125,0.908333,101,39
1,3,0.053125,0.613889,0.1125,0.908333,201,39
1,3,0.053125,0.613889,0.1125,0.908333,301,39
1,3,0.053125,0.613889,0.1125,0.908333,401,39
1,3,0.053125,0.613889,0.1125,0.908333,501,39
1,3,0.053125,0.613889,0.1125,0.908333,601,39
1,3,0.053125,0.613889,0.1125,0.908333,701,39
1,3,0.0,0.6055554999999999,0.025,0.8138885,1,40
1,3,0.0,0.6055554999999999,0.025,0.8138885,101,40
1,3,0.0,0.6055554999999999,0.025,0.8138885,201,40
1,3,0.0,0.6055554999999999,0.025,0.8138885,301,40
1,3,0.0,0.6055554999999999,0.025,0.8138885,401,40
1,3,0.0,0.6055554999999999,0.025,0.8138885,501,40
1,3,0.0,0.6055554999999999,0.025,0.8138885,601,40
1,3,0.0,0.6055554999999999,0.025,0.8138885,701,40
1,3,0.197975609375,0.6194441111111111,0.215163109375,0.6972219166666667,1,41
1,3,0.197975609375,0.6194441111111111,0.215163109375,0.6972219166666667,101,41
1,3,0.197975609375,0.6194441111111111,0.215163109375,0.6972219166666667,201,41
1,3,0.197975609375,0.6194441111111111,0.215163109375,0.6972219166666667,301,41
1,3,0.197975609375,0.6194441111111111,0.215163109375,0.6972219166666667,401,41
1,3,0.197975609375,0.6194441111111111,0.215163109375,0.6972219166666667,501,41
1,3,0.197975609375,0.6194441111111111,0.215163109375,0.6972219166666667,601,41
1,3,0.197975609375,0.6194441111111111,0.215163109375,0.6972219166666667,701,41
1,3,0.52656225,0.638889,0.56249975,0.8416669999999999,1,42
1,3,0.52656225,0.638889,0.56249975,0.8416669999999999,101,42
1,3,0.52656225,0.638889,0.56249975,0.8416669999999999,201,42
1,3,0.52656225,0.638889,0.56249975,0.8416669999999999,301,42
1,3,0.52656225,0.638889,0.56249975,0.8416669999999999,401,42
1,3,0.52656225,0.638889,0.56249975,0.8416669999999999,501,42
1,3,0.52656225,0.638889,0.56249975,0.8416669999999999,601,42
1,3,0.52656225,0.638889,0.56249975,0.8416669999999999,701,42
1,3,0.097711265625,0.6444841111111111,0.23503521875,0.9389281111111112,1,43
1,3,0.097711265625,0.6444841111111111,0.23503521875,0.9389281111111112,101,43
1,3,0.097711265625,0.6444841111111111,0.23503521875,0.9389281111111112,201,43
1,3,0.097711265625,0.6444841111111111,0.23503521875,0.9389281111111112,301,43
1,3,0.097711265625,0.6444841111111111,0.23503521875,0.9389281111111112,401,43
1,3,0.097711265625,0.6444841111111111,0.23503521875,0.9389281111111112,501,43
1,3,0.097711265625,0.6444841111111111,0.23503521875,0.9389281111111112,601,43
1,3,0.097711265625,0.6444841111111111,0.23503521875,0.9389281111111112,701,43
1,3,0.446875,0.658333,0.509375,0.936111,1,22
1,3,0.446875,0.658333,0.509375,0.936111,101,22
1,3,0.446875,0.658333,0.509375,0.936111,201,22
1,3,0.446875,0.658333,0.509375,0.936111,301,22
1,3,0.446875,0.658333,0.509375,0.936111,401,22
1,3,0.446875,0.658333,0.509375,0.936111,501,22
1,3,0.446875,0.658333,0.509375,0.936111,601,22
1,3,0.446875,0.658333,0.509375,0.936111,701,22
1,3,0.3046872499999999,0.6194445,0.35312475,0.8305555,1,44
1,3,0.3046872499999999,0.6194445,0.35312475,0.8305555,101,44
1,3,0.3046872499999999,0.6194445,0.35312475,0.8305555,201,44
1,3,0.3046872499999999,0.6194445,0.35312475,0.8305555,301,44
1,3,0.3046872499999999,0.6194445,0.35312475,0.8305555,401,44
1,3,0.3046872499999999,0.6194445,0.35312475,0.8305555,501,44
1,3,0.3046872499999999,0.6194445,0.35312475,0.8305555,601,44
1,3,0.3046872499999999,0.6194445,0.35312475,0.8305555,701,44
1,3,0.38593775,0.6388895,0.46875025,0.9972225,1,15
1,3,0.38593775,0.6388895,0.46875025,0.9972225,101,15
1,3,0.38593775,0.6388895,0.46875025,0.9972225,201,15
1,3,0.38593775,0.6388895,0.46875025,0.9972225,301,15
1,3,0.38593775,0.6388895,0.46875025,0.9972225,401,15
1,3,0.38593775,0.6388895,0.46875025,0.9972225,501,15
1,3,0.38593775,0.6388895,0.46875025,0.9972225,601,15
1,3,0.38593775,0.6388895,0.46875025,0.9972225,701,15
1,3,0.54843775,0.613889,0.61875025,0.938889,1,14
1,3,0.54843775,0.613889,0.61875025,0.938889,101,14
1,3,0.54843775,0.613889,0.61875025,0.938889,201,14
1,3,0.54843775,0.613889,0.61875025,0.938889,301,14
1,3,0.54843775,0.613889,0.61875025,0.938889,401,14
1,3,0.54843775,0.613889,0.61875025,0.938889,501,14
1,3,0.54843775,0.613889,0.61875025,0.938889,601,14
1,3,0.54843775,0.613889,0.61875025,0.938889,701,14
1,4,0.604687,0.5916669,0.6171869999999999,0.6638890999999999,1,45
1,4,0.604687,0.5916669,0.6171869999999999,0.6638890999999999,101,45
1,4,0.604687,0.5916669,0.6171869999999999,0.6638890999999999,201,45
1,4,0.604687,0.5916669,0.6171869999999999,0.6638890999999999,301,45
1,4,0.604687,0.5916669,0.6171869999999999,0.6638890999999999,401,45
1,4,0.604687,0.5916669,0.6171869999999999,0.6638890999999999,501,45
1,4,0.604687,0.5916669,0.6171869999999999,0.6638890999999999,601,45
1,4,0.604687,0.5916669,0.6171869999999999,0.6638890999999999,701,45
1,4,0.94375025,0.5972224500000001,0.96093775,0.68333355,1,46
1,4,0.94375025,0.5972224500000001,0.96093775,0.68333355,101,46
1,4,0.94375025,0.5972224500000001,0.96093775,0.68333355,201,46
1,4,0.94375025,0.5972224500000001,0.96093775,0.68333355,301,46
1,4,0.94375025,0.5972224500000001,0.96093775,0.68333355,401,46
1,4,0.94375025,0.5972224500000001,0.96093775,0.68333355,501,46
1,4,0.94375025,0.5972224500000001,0.96093775,0.68333355,601,46
1,4,0.94375025,0.5972224500000001,0.96093775,0.68333355,701,46
1,4,0.4468755,0.6777775,0.4812504999999999,0.9416665,1,47
1,4,0.4468755,0.6777775,0.4812504999999999,0.9416665,101,47
1,4,0.4468755,0.6777775,0.4812504999999999,0.9416665,201,47
1,4,0.4468755,0.6777775,0.4812504999999999,0.9416665,301,47
1,4,0.4468755,0.6777775,0.4812504999999999,0.9416665,401,47
1,4,0.4468755,0.6777775,0.4812504999999999,0.9416665,501,47
1,4,0.4468755,0.6777775,0.4812504999999999,0.9416665,601,47
1,4,0.4468755,0.6777775,0.4812504999999999,0.9416665,701,47
1,4,0.6125005,0.5972217999999999,0.6281255,0.6666662,1,48
1,4,0.6125005,0.5972217999999999,0.6281255,0.6666662,101,48
1,4,0.6125005,0.5972217999999999,0.6281255,0.6666662,201,48
1,4,0.6125005,0.5972217999999999,0.6281255,0.6666662,301,48
1,4,0.6125005,0.5972217999999999,0.6281255,0.6666662,401,48
1,4,0.6125005,0.5972217999999999,0.6281255,0.6666662,501,48
1,4,0.6125005,0.5972217999999999,0.6281255,0.6666662,601,48
1,4,0.6125005,0.5972217999999999,0.6281255,0.6666662,701,48
1,4,0.9875,0.5777779000000001,1.0,0.6500001,1,49
1,4,0.9875,0.5777779000000001,1.0,0.6500001,101,49
1,4,0.9875,0.5777779000000001,1.0,0.6500001,201,49
1,4,0.9875,0.5777779000000001,1.0,0.6500001,301,49
1,4,0.9875,0.5777779000000001,1.0,0.6500001,401,49
1,4,0.9875,0.5777779000000001,1.0,0.6500001,501,49
1,4,0.9875,0.5777779000000001,1.0,0.6500001,601,49
1,4,0.9875,0.5777779000000001,1.0,0.6500001,701,49
1,4,0.0,0.605556,0.028125,0.8055559999999999,1,32
1,4,0.0,0.605556,0.028125,0.8055559999999999,101,32
1,4,0.0,0.605556,0.028125,0.8055559999999999,201,32
1,4,0.0,0.605556,0.028125,0.8055559999999999,301,32
1,4,0.0,0.605556,0.028125,0.8055559999999999,401,32
1,4,0.0,0.605556,0.028125,0.8055559999999999,501,32
1,4,0.0,0.605556,0.028125,0.8055559999999999,601,32
1,4,0.0,0.605556,0.028125,0.8055559999999999,701,32
1,4,0.6640625,0.591667,0.6796875,0.666667,1,50
1,4,0.6640625,0.591667,0.6796875,0.666667,101,50
1,4,0.6640625,0.591667,0.6796875,0.666667,201,50
1,4,0.6640625,0.591667,0.6796875,0.666667,301,50
1,4,0.6640625,0.591667,0.6796875,0.666667,401,50
1,4,0.6640625,0.591667,0.6796875,0.666667,501,50
1,4,0.6640625,0.591667,0.6796875,0.666667,601,50
1,4,0.6640625,0.591667,0.6796875,0.666667,701,50
1,4,0.6453125,0.5916671,0.6609375,0.6694449,1,51
1,4,0.6453125,0.5916671,0.6609375,0.6694449,101,51
1,4,0.6453125,0.5916671,0.6609375,0.6694449,201,51
1,4,0.6453125,0.5916671,0.6609375,0.6694449,301,51
1,4,0.6453125,0.5916671,0.6609375,0.6694449,401,51
1,4,0.6453125,0.5916671,0.6609375,0.6694449,501,51
1,4,0.6453125,0.5916671,0.6609375,0.6694449,601,51
1,4,0.6453125,0.5916671,0.6609375,0.6694449,701,51
1,4,0.728125,0.6027776499999999,0.740625,0.66944435,1,52
1,4,0.728125,0.6027776499999999,0.740625,0.66944435,101,52
1,4,0.728125,0.6027776499999999,0.740625,0.66944435,201,52
1,4,0.728125,0.6027776499999999,0.740625,0.66944435,301,52
1,4,0.728125,0.6027776499999999,0.740625,0.66944435,401,52
1,4,0.728125,0.6027776499999999,0.740625,0.66944435,501,52
1,4,0.728125,0.6027776499999999,0.740625,0.66944435,601,52
1,4,0.728125,0.6027776499999999,0.740625,0.66944435,701,52
1,4,0.06562525,0.6083335,0.15156275,0.8444444999999998,1,16
1,4,0.06562525,0.6083335,0.15156275,0.8444444999999998,101,16
1,4,0.06562525,0.6083335,0.15156275,0.8444444999999998,201,16
1,4,0.06562525,0.6083335,0.15156275,0.8444444999999998,301,16
1,4,0.06562525,0.6083335,0.15156275,0.8444444999999998,401,16
1,4,0.06562525,0.6083335,0.15156275,0.8444444999999998,501,16
1,4,0.06562525,0.6083335,0.15156275,0.8444444999999998,601,16
1,4,0.06562525,0.6083335,0.15156275,0.8444444999999998,701,16
1,4,0.4625,0.6166665,0.525,0.9805555,1,22
1,4,0.4625,0.6166665,0.525,0.9805555,101,22
1,4,0.4625,0.6166665,0.525,0.9805555,201,22
1,4,0.4625,0.6166665,0.525,0.9805555,301,22
1,4,0.4625,0.6166665,0.525,0.9805555,401,22
1,4,0.4625,0.6166665,0.525,0.9805555,501,22
1,4,0.4625,0.6166665,0.525,0.9805555,601,22
1,4,0.4625,0.6166665,0.525,0.9805555,701,22
1,4,0.92968725,0.5944448999999999,0.95312475,0.6916671,1,53
1,4,0.92968725,0.5944448999999999,0.95312475,0.6916671,101,53
1,4,0.92968725,0.5944448999999999,0.95312475,0.6916671,201,53
1,4,0.92968725,0.5944448999999999,0.95312475,0.6916671,301,53
1,4,0.92968725,0.5944448999999999,0.95312475,0.6916671,401,53
1,4,0.92968725,0.5944448999999999,0.95312475,0.6916671,501,53
1,4,0.92968725,0.5944448999999999,0.95312475,0.6916671,601,53
1,4,0.92968725,0.5944448999999999,0.95312475,0.6916671,701,53
1,4,0.49375025,0.647222,0.58593775,0.997222,1,15
1,4,0.49375025,0.647222,0.58593775,0.997222,101,15
1,4,0.49375025,0.647222,0.58593775,0.997222,201,15
1,4,0.49375025,0.647222,0.58593775,0.997222,301,15
1,4,0.49375025,0.647222,0.58593775,0.997222,401,15
1,4,0.49375025,0.647222,0.58593775,0.997222,501,15
1,4,0.49375025,0.647222,0.58593775,0.997222,601,15
1,4,0.49375025,0.647222,0.58593775,0.997222,701,15
1,4,0.5625005000000001,0.6361114999999999,0.6218755,0.9472225,1,14
1,4,0.5625005000000001,0.6361114999999999,0.6218755,0.9472225,101,14
1,4,0.5625005000000001,0.6361114999999999,0.6218755,0.9472225,201,14
1,4,0.5625005000000001,0.6361114999999999,0.6218755,0.9472225,301,14
1,4,0.5625005000000001,0.6361114999999999,0.6218755,0.9472225,401,14
1,4,0.5625005000000001,0.6361114999999999,0.6218755,0.9472225,501,14
1,4,0.5625005000000001,0.6361114999999999,0.6218755,0.9472225,601,14
1,4,0.5625005000000001,0.6361114999999999,0.6218755,0.9472225,701,14
1,4,0.37235915625,0.63536775,0.4700704218749999,0.9968701111111112,1,54
1,4,0.37235915625,0.63536775,0.4700704218749999,0.9968701111111112,101,54
1,4,0.37235915625,0.63536775,0.4700704218749999,0.9968701111111112,201,54
1,4,0.37235915625,0.63536775,0.4700704218749999,0.9968701111111112,301,54
1,4,0.37235915625,0.63536775,0.4700704218749999,0.9968701111111112,401,54
1,4,0.37235915625,0.63536775,0.4700704218749999,0.9968701111111112,501,54
1,4,0.37235915625,0.63536775,0.4700704218749999,0.9968701111111112,601,54
1,4,0.37235915625,0.63536775,0.4700704218749999,0.9968701111111112,701,54
1,4,0.308538234375,0.6230826666666667,0.349163234375,0.8091936666666667,1,55
1,4,0.308538234375,0.6230826666666667,0.349163234375,0.8091936666666667,101,55
1,4,0.308538234375,0.6230826666666667,0.349163234375,0.8091936666666667,201,55
1,4,0.308538234375,0.6230826666666667,0.349163234375,0.8091936666666667,301,55
1,4,0.308538234375,0.6230826666666667,0.349163234375,0.8091936666666667,401,55
1,4,0.308538234375,0.6230826666666667,0.349163234375,0.8091936666666667,501,55
1,4,0.308538234375,0.6230826666666667,0.349163234375,0.8091936666666667,601,55
1,4,0.308538234375,0.6230826666666667,0.349163234375,0.8091936666666667,701,55
1,5,0.9531255,0.5916669,0.9687505,0.6638890999999999,1,56
1,5,0.9531255,0.5916669,0.9687505,0.6638890999999999,101,56
1,5,0.9531255,0.5916669,0.9687505,0.6638890999999999,201,56
1,5,0.9531255,0.5916669,0.9687505,0.6638890999999999,301,56
1,5,0.9531255,0.5916669,0.9687505,0.6638890999999999,401,56
1,5,0.9531255,0.5916669,0.9687505,0.6638890999999999,501,56
1,5,0.9531255,0.5916669,0.9687505,0.6638890999999999,601,56
1,5,0.9531255,0.5916669,0.9687505,0.6638890999999999,701,56
1,5,0.065625,0.625,0.121875,0.902778,1,57
1,5,0.065625,0.625,0.121875,0.902778,101,57
1,5,0.065625,0.625,0.121875,0.902778,201,57
1,5,0.065625,0.625,0.121875,0.902778,301,57
1,5,0.065625,0.625,0.121875,0.902778,401,57
1,5,0.065625,0.625,0.121875,0.902778,501,57
1,5,0.065625,0.625,0.121875,0.902778,601,57
1,5,0.065625,0.625,0.121875,0.902778,701,57
1,5,0.9328125,0.5916669999999999,0.9546875,0.694445,1,38
1,5,0.9328125,0.5916669999999999,0.9546875,0.694445,101,38
1,5,0.9328125,0.5916669999999999,0.9546875,0.694445,201,38
1,5,0.9328125,0.5916669999999999,0.9546875,0.694445,301,38
1,5,0.9328125,0.5916669999999999,0.9546875,0.694445,401,38
1,5,0.9328125,0.5916669999999999,0.9546875,0.694445,501,38
1,5,0.9328125,0.5916669999999999,0.9546875,0.694445,601,38
1,5,0.9328125,0.5916669999999999,0.9546875,0.694445,701,38
1,5,0.104687,0.6250005,0.167187,0.9083335,1,16
1,5,0.104687,0.6250005,0.167187,0.9083335,101,16
1,5,0.104687,0.6250005,0.167187,0.9083335,201,16
1,5,0.104687,0.6250005,0.167187,0.9083335,301,16
1,5,0.104687,0.6250005,0.167187,0.9083335,401,16
1,5,0.104687,0.6250005,0.167187,0.9083335,501,16
1,5,0.104687,0.6250005,0.167187,0.9083335,601,16
1,5,0.104687,0.6250005,0.167187,0.9083335,701,16
1,5,0.53125,0.6472225,0.5687500000000001,0.8388895000000001,1,58
1,5,0.53125,0.6472225,0.5687500000000001,0.8388895000000001,101,58
1,5,0.53125,0.6472225,0.5687500000000001,0.8388895000000001,201,58
1,5,0.53125,0.6472225,0.5687500000000001,0.8388895000000001,301,58
1,5,0.53125,0.6472225,0.5687500000000001,0.8388895000000001,401,58
1,5,0.53125,0.6472225,0.5687500000000001,0.8388895000000001,501,58
1,5,0.53125,0.6472225,0.5687500000000001,0.8388895000000001,601,58
1,5,0.53125,0.6472225,0.5687500000000001,0.8388895000000001,701,58
1,5,0.448437,0.677778,0.504687,0.933334,1,22
1,5,0.448437,0.677778,0.504687,0.933334,101,22
1,5,0.448437,0.677778,0.504687,0.933334,201,22
1,5,0.448437,0.677778,0.504687,0.933334,301,22
1,5,0.448437,0.677778,0.504687,0.933334,401,22
1,5,0.448437,0.677778,0.504687,0.933334,501,22
1,5,0.448437,0.677778,0.504687,0.933334,601,22
1,5,0.448437,0.677778,0.504687,0.933334,701,22
1,5,0.404688,0.6,0.4421879999999999,0.8055559999999999,1,59
1,5,0.404688,0.6,0.4421879999999999,0.8055559999999999,101,59
1,5,0.404688,0.6,0.4421879999999999,0.8055559999999999,201,59
1,5,0.404688,0.6,0.4421879999999999,0.8055559999999999,301,59
1,5,0.404688,0.6,0.4421879999999999,0.8055559999999999,401,59
1,5,0.404688,0.6,0.4421879999999999,0.8055559999999999,501,59
1,5,0.404688,0.6,0.4421879999999999,0.8055559999999999,601,59
1,5,0.404688,0.6,0.4421879999999999,0.8055559999999999,701,59
1,5,0.351563,0.619444,0.389063,0.8,1,60
1,5,0.351563,0.619444,0.389063,0.8,101,60
1,5,0.351563,0.619444,0.389063,0.8,201,60
1,5,0.351563,0.619444,0.389063,0.8,301,60
1,5,0.351563,0.619444,0.389063,0.8,401,60
1,5,0.351563,0.619444,0.389063,0.8,501,60
1,5,0.351563,0.619444,0.389063,0.8,601,60
1,5,0.351563,0.619444,0.389063,0.8,701,60
1,5,0.6906245000000001,0.652778,0.7984375,0.997222,1,61
1,5,0.6906245000000001,0.652778,0.7984375,0.997222,101,61
1,5,0.6906245000000001,0.652778,0.7984375,0.997222,201,61
1,5,0.6906245000000001,0.652778,0.7984375,0.997222,301,61
1,5,0.6906245000000001,0.652778,0.7984375,0.997222,401,61
1,5,0.6906245000000001,0.652778,0.7984375,0.997222,501,61
1,5,0.6906245000000001,0.652778,0.7984375,0.997222,601,61
1,5,0.6906245000000001,0.652778,0.7984375,0.997222,701,61
1,5,0.560938,0.6333335,0.623438,0.9416665,1,14
1,5,0.560938,0.6333335,0.623438,0.9416665,101,14
1,5,0.560938,0.6333335,0.623438,0.9416665,201,14
1,5,0.560938,0.6333335,0.623438,0.9416665,301,14
1,5,0.560938,0.6333335,0.623438,0.9416665,401,14
1,5,0.560938,0.6333335,0.623438,0.9416665,501,14
1,5,0.560938,0.6333335,0.623438,0.9416665,601,14
1,5,0.560938,0.6333335,0.623438,0.9416665,701,14
1,5,0.6249995,0.5944445,0.6968745,0.9861115,1,62
1,5,0.6249995,0.5944445,0.6968745,0.9861115,101,62
1,5,0.6249995,0.5944445,0.6968745,0.9861115,201,62
1,5,0.6249995,0.5944445,0.6968745,0.9861115,301,62
1,5,0.6249995,0.5944445,0.6968745,0.9861115,401,62
1,5,0.6249995,0.5944445,0.6968745,0.9861115,501,62
1,5,0.6249995,0.5944445,0.6968745,0.9861115,601,62
1,5,0.6249995,0.5944445,0.6968745,0.9861115,701,62
1,5,0.05457746875,0.6154544444444444,0.2667253593749999,0.9987874444444446,1,63
1,5,0.05457746875,0.6154544444444444,0.2667253593749999,0.9987874444444446,101,63
1,5,0.05457746875,0.6154544444444444,0.2667253593749999,0.9987874444444446,201,63
1,5,0.05457746875,0.6154544444444444,0.2667253593749999,0.9987874444444446,301,63
1,5,0.05457746875,0.6154544444444444,0.2667253593749999,0.9987874444444446,401,63
1,5,0.05457746875,0.6154544444444444,0.2667253593749999,0.9987874444444446,501,63
1,5,0.05457746875,0.6154544444444444,0.2667253593749999,0.9987874444444446,601,63
1,5,0.05457746875,0.6154544444444444,0.2667253593749999,0.9987874444444446,701,63
1,6,0.6703125,0.6055555499999999,0.6859375,0.66944445,1,64
1,6,0.6703125,0.6055555499999999,0.6859375,0.66944445,101,64
1,6,0.6703125,0.6055555499999999,0.6859375,0.66944445,201,64
1,6,0.6703125,0.6055555499999999,0.6859375,0.66944445,301,64
1,6,0.6703125,0.6055555499999999,0.6859375,0.66944445,401,64
1,6,0.6703125,0.6055555499999999,0.6859375,0.66944445,501,64
1,6,0.6703125,0.6055555499999999,0.6859375,0.66944445,601,64
1,6,0.6703125,0.6055555499999999,0.6859375,0.66944445,701,64
1,6,0.64999975,0.6055555499999999,0.6640622500000001,0.66944445,1,65
1,6,0.64999975,0.6055555499999999,0.6640622500000001,0.66944445,101,65
1,6,0.64999975,0.6055555499999999,0.6640622500000001,0.66944445,201,65
1,6,0.64999975,0.6055555499999999,0.6640622500000001,0.66944445,301,65
1,6,0.64999975,0.6055555499999999,0.6640622500000001,0.66944445,401,65
1,6,0.64999975,0.6055555499999999,0.6640622500000001,0.66944445,501,65
1,6,0.64999975,0.6055555499999999,0.6640622500000001,0.66944445,601,65
1,6,0.64999975,0.6055555499999999,0.6640622500000001,0.66944445,701,65
1,6,0.735938,0.5972217999999999,0.7484379999999999,0.6666662,1,66
1,6,0.735938,0.5972217999999999,0.7484379999999999,0.6666662,101,66
1,6,0.735938,0.5972217999999999,0.7484379999999999,0.6666662,201,66
1,6,0.735938,0.5972217999999999,0.7484379999999999,0.6666662,301,66
1,6,0.735938,0.5972217999999999,0.7484379999999999,0.6666662,401,66
1,6,0.735938,0.5972217999999999,0.7484379999999999,0.6666662,501,66
1,6,0.735938,0.5972217999999999,0.7484379999999999,0.6666662,601,66
1,6,0.735938,0.5972217999999999,0.7484379999999999,0.6666662,701,66
1,6,0.72343725,0.5972219000000001,0.7343747500000001,0.6694441,1,67
1,6,0.72343725,0.5972219000000001,0.7343747500000001,0.6694441,101,67
1,6,0.72343725,0.5972219000000001,0.7343747500000001,0.6694441,201,67
1,6,0.72343725,0.5972219000000001,0.7343747500000001,0.6694441,301,67
1,6,0.72343725,0.5972219000000001,0.7343747500000001,0.6694441,401,67
1,6,0.72343725,0.5972219000000001,0.7343747500000001,0.6694441,501,67
1,6,0.72343725,0.5972219000000001,0.7343747500000001,0.6694441,601,67
1,6,0.72343725,0.5972219000000001,0.7343747500000001,0.6694441,701,67
1,6,0.0,0.677778,0.0109375,0.7777780000000001,1,68
1,6,0.0,0.677778,0.0109375,0.7777780000000001,101,68
1,6,0.0,0.677778,0.0109375,0.7777780000000001,201,68
1,6,0.0,0.677778,0.0109375,0.7777780000000001,301,68
1,6,0.0,0.677778,0.0109375,0.7777780000000001,401,68
1,6,0.0,0.677778,0.0109375,0.7777780000000001,501,68
1,6,0.0,0.677778,0.0109375,0.7777780000000001,601,68
1,6,0.0,0.677778,0.0109375,0.7777780000000001,701,68
1,6,0.115625,0.6166665,0.171875,0.9027775,1,16
1,6,0.115625,0.6166665,0.171875,0.9027775,101,16
1,6,0.115625,0.6166665,0.171875,0.9027775,201,16
1,6,0.115625,0.6166665,0.171875,0.9027775,301,16
1,6,0.115625,0.6166665,0.171875,0.9027775,401,16
1,6,0.115625,0.6166665,0.171875,0.9027775,501,16
1,6,0.115625,0.6166665,0.171875,0.9027775,601,16
1,6,0.115625,0.6166665,0.171875,0.9027775,701,16
1,6,0.35625025,0.6305555,0.3859377499999999,0.7972225,1,39
1,6,0.35625025,0.6305555,0.3859377499999999,0.7972225,101,39
1,6,0.35625025,0.6305555,0.3859377499999999,0.7972225,201,39
1,6,0.35625025,0.6305555,0.3859377499999999,0.7972225,301,39
1,6,0.35625025,0.6305555,0.3859377499999999,0.7972225,401,39
1,6,0.35625025,0.6305555,0.3859377499999999,0.7972225,501,39
1,6,0.35625025,0.6305555,0.3859377499999999,0.7972225,601,39
1,6,0.35625025,0.6305555,0.3859377499999999,0.7972225,701,39
1,6,0.53281225,0.6472225,0.5687497499999999,0.8388895000000001,1,69
1,6,0.53281225,0.6472225,0.5687497499999999,0.8388895000000001,101,69
1,6,0.53281225,0.6472225,0.5687497499999999,0.8388895000000001,201,69
1,6,0.53281225,0.6472225,0.5687497499999999,0.8388895000000001,301,69
1,6,0.53281225,0.6472225,0.5687497499999999,0.8388895000000001,401,69
1,6,0.53281225,0.6472225,0.5687497499999999,0.8388895000000001,501,69
1,6,0.53281225,0.6472225,0.5687497499999999,0.8388895000000001,601,69
1,6,0.53281225,0.6472225,0.5687497499999999,0.8388895000000001,701,69
1,6,0.44374975,0.677778,0.51406225,0.927778,1,22
1,6,0.44374975,0.677778,0.51406225,0.927778,101,22
1,6,0.44374975,0.677778,0.51406225,0.927778,201,22
1,6,0.44374975,0.677778,0.51406225,0.927778,301,22
1,6,0.44374975,0.677778,0.51406225,0.927778,401,22
1,6,0.44374975,0.677778,0.51406225,0.927778,501,22
1,6,0.44374975,0.677778,0.51406225,0.927778,601,22
1,6,0.44374975,0.677778,0.51406225,0.927778,701,22
1,6,0.1963028124999999,0.5833335,0.30545775,0.9233176944444444,1,70
1,6,0.1963028124999999,0.5833335,0.30545775,0.9233176944444444,101,70
1,6,0.1963028124999999,0.5833335,0.30545775,0.9233176944444444,201,70
1,6,0.1963028124999999,0.5833335,0.30545775,0.9233176944444444,301,70
1,6,0.1963028124999999,0.5833335,0.30545775,0.9233176944444444,401,70
1,6,0.1963028124999999,0.5833335,0.30545775,0.9233176944444444,501,70
1,6,0.1963028124999999,0.5833335,0.30545775,0.9233176944444444,601,70
1,6,0.1963028124999999,0.5833335,0.30545775,0.9233176944444444,701,70
1,6,0.396500875,0.5796557222222223,0.449625875,0.8324337222222223,1,71
1,6,0.396500875,0.5796557222222223,0.449625875,0.8324337222222223,101,71
1,6,0.396500875,0.5796557222222223,0.449625875,0.8324337222222223,201,71
1,6,0.396500875,0.5796557222222223,0.449625875,0.8324337222222223,301,71
1,6,0.396500875,0.5796557222222223,0.449625875,0.8324337222222223,401,71
1,6,0.396500875,0.5796557222222223,0.449625875,0.8324337222222223,501,71
1,6,0.396500875,0.5796557222222223,0.449625875,0.8324337222222223,601,71
1,6,0.396500875,0.5796557222222223,0.449625875,0.8324337222222223,701,71
1,6,0.6755721875,0.6465177222222221,0.7990101875,0.988184722222222,1,72
1,6,0.6755721875,0.6465177222222221,0.7990101875,0.988184722222222,101,72
1,6,0.6755721875,0.6465177222222221,0.7990101875,0.988184722222222,201,72
1,6,0.6755721875,0.6465177222222221,0.7990101875,0.988184722222222,301,72
1,6,0.6755721875,0.6465177222222221,0.7990101875,0.988184722222222,401,72
1,6,0.6755721875,0.6465177222222221,0.7990101875,0.988184722222222,501,72
1,6,0.6755721875,0.6465177222222221,0.7990101875,0.988184722222222,601,72
1,6,0.6755721875,0.6465177222222221,0.7990101875,0.988184722222222,701,72
1,6,0.0250002,0.572222,0.1296872,1.0,1,73
1,6,0.0250002,0.572222,0.1296872,1.0,101,73
1,6,0.0250002,0.572222,0.1296872,1.0,201,73
1,6,0.0250002,0.572222,0.1296872,1.0,301,73
1,6,0.0250002,0.572222,0.1296872,1.0,401,73
1,6,0.0250002,0.572222,0.1296872,1.0,501,73
1,6,0.0250002,0.572222,0.1296872,1.0,601,73
1,6,0.0250002,0.572222,0.1296872,1.0,701,73
1,6,0.5625,0.619445,0.625,0.941667,1,14
1,6,0.5625,0.619445,0.625,0.941667,101,14
1,6,0.5625,0.619445,0.625,0.941667,201,14
1,6,0.5625,0.619445,0.625,0.941667,301,14
1,6,0.5625,0.619445,0.625,0.941667,401,14
1,6,0.5625,0.619445,0.625,0.941667,501,14
1,6,0.5625,0.619445,0.625,0.941667,601,14
1,6,0.5625,0.619445,0.625,0.941667,701,14
1,7,0.6234375,0.60277755,0.6390625,0.66666645,1,74
1,7,0.6234375,0.60277755,0.6390625,0.66666645,101,74
1,7,0.6234375,0.60277755,0.6390625,0.66666645,201,74
1,7,0.6234375,0.60277755,0.6390625,0.66666645,301,74
1,7,0.6234375,0.60277755,0.6390625,0.66666645,401,74
1,7,0.6234375,0.60277755,0.6390625,0.66666645,501,74
1,7,0.6234375,0.60277755,0.6390625,0.66666645,601,74
1,7,0.6234375,0.60277755,0.6390625,0.66666645,701,74
1,7,0.671875,0.6055555499999999,0.684375,0.66944445,1,75
1,7,0.671875,0.6055555499999999,0.684375,0.66944445,101,75
1,7,0.671875,0.6055555499999999,0.684375,0.66944445,201,75
1,7,0.671875,0.6055555499999999,0.684375,0.66944445,301,75
1,7,0.671875,0.6055555499999999,0.684375,0.66944445,401,75
1,7,0.671875,0.6055555499999999,0.684375,0.66944445,501,75
1,7,0.671875,0.6055555499999999,0.684375,0.66944445,601,75
1,7,0.671875,0.6055555499999999,0.684375,0.66944445,701,75
1,7,0.73750025,0.6027777999999999,0.74843775,0.6722222,1,38
1,7,0.73750025,0.6027777999999999,0.74843775,0.6722222,101,38
1,7,0.73750025,0.6027777999999999,0.74843775,0.6722222,201,38
1,7,0.73750025,0.6027777999999999,0.74843775,0.6722222,301,38
1,7,0.73750025,0.6027777999999999,0.74843775,0.6722222,401,38
1,7,0.73750025,0.6027777999999999,0.74843775,0.6722222,501,38
1,7,0.73750025,0.6027777999999999,0.74843775,0.6722222,601,38
1,7,0.73750025,0.6027777999999999,0.74843775,0.6722222,701,38
1,7,0.651562,0.6027776499999999,0.6640619999999999,0.66944435,1,5
1,7,0.651562,0.6027776499999999,0.6640619999999999,0.66944435,101,5
1,7,0.651562,0.6027776499999999,0.6640619999999999,0.66944435,201,5
1,7,0.651562,0.6027776499999999,0.6640619999999999,0.66944435,301,5
1,7,0.651562,0.6027776499999999,0.6640619999999999,0.66944435,401,5
1,7,0.651562,0.6027776499999999,0.6640619999999999,0.66944435,501,5
1,7,0.651562,0.6027776499999999,0.6640619999999999,0.66944435,601,5
1,7,0.651562,0.6027776499999999,0.6640619999999999,0.66944435,701,5
1,7,0.1093745,0.6138885,0.1624995,0.8999995,1,16
1,7,0.1093745,0.6138885,0.1624995,0.8999995,101,16
1,7,0.1093745,0.6138885,0.1624995,0.8999995,201,16
1,7,0.1093745,0.6138885,0.1624995,0.8999995,301,16
1,7,0.1093745,0.6138885,0.1624995,0.8999995,401,16
1,7,0.1093745,0.6138885,0.1624995,0.8999995,501,16
1,7,0.1093745,0.6138885,0.1624995,0.8999995,601,16
1,7,0.1093745,0.6138885,0.1624995,0.8999995,701,16
1,7,0.0734374999999999,0.6111114999999999,0.1328125,0.8944445,1,50
1,7,0.0734374999999999,0.6111114999999999,0.1328125,0.8944445,101,50
1,7,0.0734374999999999,0.6111114999999999,0.1328125,0.8944445,201,50
1,7,0.0734374999999999,0.6111114999999999,0.1328125,0.8944445,301,50
1,7,0.0734374999999999,0.6111114999999999,0.1328125,0.8944445,401,50
1,7,0.0734374999999999,0.6111114999999999,0.1328125,0.8944445,501,50
1,7,0.0734374999999999,0.6111114999999999,0.1328125,0.8944445,601,50
1,7,0.0734374999999999,0.6111114999999999,0.1328125,0.8944445,701,50
1,7,0.721875,0.5999999,0.734375,0.6722220999999999,1,76
1,7,0.721875,0.5999999,0.734375,0.6722220999999999,101,76
1,7,0.721875,0.5999999,0.734375,0.6722220999999999,201,76
1,7,0.721875,0.5999999,0.734375,0.6722220999999999,301,76
1,7,0.721875,0.5999999,0.734375,0.6722220999999999,401,76
1,7,0.721875,0.5999999,0.734375,0.6722220999999999,501,76
1,7,0.721875,0.5999999,0.734375,0.6722220999999999,601,76
1,7,0.721875,0.5999999,0.734375,0.6722220999999999,701,76
1,7,0.0,0.6000000000000001,0.05625,0.95,1,77
1,7,0.0,0.6000000000000001,0.05625,0.95,101,77
1,7,0.0,0.6000000000000001,0.05625,0.95,201,77
1,7,0.0,0.6000000000000001,0.05625,0.95,301,77
1,7,0.0,0.6000000000000001,0.05625,0.95,401,77
1,7,0.0,0.6000000000000001,0.05625,0.95,501,77
1,7,0.0,0.6000000000000001,0.05625,0.95,601,77
1,7,0.0,0.6000000000000001,0.05625,0.95,701,77
1,7,0.5609375,0.6277775,0.6265625,0.9444445,1,14
1,7,0.5609375,0.6277775,0.6265625,0.9444445,101,14
1,7,0.5609375,0.6277775,0.6265625,0.9444445,201,14
1,7,0.5609375,0.6277775,0.6265625,0.9444445,301,14
1,7,0.5609375,0.6277775,0.6265625,0.9444445,401,14
1,7,0.5609375,0.6277775,0.6265625,0.9444445,501,14
1,7,0.5609375,0.6277775,0.6265625,0.9444445,601,14
1,7,0.5609375,0.6277775,0.6265625,0.9444445,701,14
1,7,0.3078125,0.6249994999999999,0.3671875,0.9388885,1,78
1,7,0.3078125,0.6249994999999999,0.3671875,0.9388885,101,78
1,7,0.3078125,0.6249994999999999,0.3671875,0.9388885,201,78
1,7,0.3078125,0.6249994999999999,0.3671875,0.9388885,301,78
1,7,0.3078125,0.6249994999999999,0.3671875,0.9388885,401,78
1,7,0.3078125,0.6249994999999999,0.3671875,0.9388885,501,78
1,7,0.3078125,0.6249994999999999,0.3671875,0.9388885,601,78
1,7,0.3078125,0.6249994999999999,0.3671875,0.9388885,701,78
1,7,0.2593749999999999,0.5861114999999999,0.315625,0.8972225,1,40
1,7,0.2593749999999999,0.5861114999999999,0.315625,0.8972225,101,40
1,7,0.2593749999999999,0.5861114999999999,0.315625,0.8972225,201,40
1,7,0.2593749999999999,0.5861114999999999,0.315625,0.8972225,301,40
1,7,0.2593749999999999,0.5861114999999999,0.315625,0.8972225,401,40
1,7,0.2593749999999999,0.5861114999999999,0.315625,0.8972225,501,40
1,7,0.2593749999999999,0.5861114999999999,0.315625,0.8972225,601,40
1,7,0.2593749999999999,0.5861114999999999,0.315625,0.8972225,701,40
1,7,0.4687497499999999,0.6333335,0.55781225,0.9944445,1,22
1,7,0.4687497499999999,0.6333335,0.55781225,0.9944445,101,22
1,7,0.4687497499999999,0.6333335,0.55781225,0.9944445,201,22
1,7,0.4687497499999999,0.6333335,0.55781225,0.9944445,301,22
1,7,0.4687497499999999,0.6333335,0.55781225,0.9944445,401,22
1,7,0.4687497499999999,0.6333335,0.55781225,0.9944445,501,22
1,7,0.4687497499999999,0.6333335,0.55781225,0.9944445,601,22
1,7,0.4687497499999999,0.6333335,0.55781225,0.9944445,701,22
1,7,0.37500025,0.572222,0.4484377499999999,0.9750000000000002,1,44
1,7,0.37500025,0.572222,0.4484377499999999,0.9750000000000002,101,44
1,7,0.37500025,0.572222,0.4484377499999999,0.9750000000000002,201,44
1,7,0.37500025,0.572222,0.4484377499999999,0.9750000000000002,301,44
1,7,0.37500025,0.572222,0.4484377499999999,0.9750000000000002,401,44
1,7,0.37500025,0.572222,0.4484377499999999,0.9750000000000002,501,44
1,7,0.37500025,0.572222,0.4484377499999999,0.9750000000000002,601,44
1,7,0.37500025,0.572222,0.4484377499999999,0.9750000000000002,701,44
1,7,0.14999975,0.594445,0.23906225,0.966667,1,79
1,7,0.14999975,0.594445,0.23906225,0.966667,101,79
1,7,0.14999975,0.594445,0.23906225,0.966667,201,79
1,7,0.14999975,0.594445,0.23906225,0.966667,301,79
1,7,0.14999975,0.594445,0.23906225,0.966667,401,79
1,7,0.14999975,0.594445,0.23906225,0.966667,501,79
1,7,0.14999975,0.594445,0.23906225,0.966667,601,79
1,7,0.14999975,0.594445,0.23906225,0.966667,701,79
1,2,0.601232390625,0.6025039166666667,0.776408453125,0.9984350555555556,1,80
1,2,0.601232390625,0.6025039166666667,0.776408453125,0.9984350555555556,101,80
1,2,0.601232390625,0.6025039166666667,0.776408453125,0.9984350555555556,201,80
1,2,0.601232390625,0.6025039166666667,0.776408453125,0.9984350555555556,301,80
1,2,0.601232390625,0.6025039166666667,0.776408453125,0.9984350555555556,401,80
1,2,0.601232390625,0.6025039166666667,0.776408453125,0.9984350555555556,501,80
1,2,0.601232390625,0.6025039166666667,0.776408453125,0.9984350555555556,601,80
1,2,0.601232390625,0.6025039166666667,0.776408453125,0.9984350555555556,701,80
1,3,0.2438375,0.5962444444444445,0.3019359375,0.8779333333333332,1,81
1,3,0.2438375,0.5962444444444445,0.3019359375,0.8779333333333332,101,81
1,3,0.2438375,0.5962444444444445,0.3019359375,0.8779333333333332,201,81
1,3,0.2438375,0.5962444444444445,0.3019359375,0.8779333333333332,301,81
1,3,0.2438375,0.5962444444444445,0.3019359375,0.8779333333333332,401,81
1,3,0.2438375,0.5962444444444445,0.3019359375,0.8779333333333332,501,81
1,3,0.2438375,0.5962444444444445,0.3019359375,0.8779333333333332,601,81
1,3,0.2438375,0.5962444444444445,0.3019359375,0.8779333333333332,701,81
1,3,0.75264084375,0.6838821111111112,0.86531690625,0.9687015555555556,1,82
1,3,0.75264084375,0.6838821111111112,0.86531690625,0.9687015555555556,101,82
1,3,0.75264084375,0.6838821111111112,0.86531690625,0.9687015555555556,201,82
1,3,0.75264084375,0.6838821111111112,0.86531690625,0.9687015555555556,301,82
1,3,0.75264084375,0.6838821111111112,0.86531690625,0.9687015555555556,401,82
1,3,0.75264084375,0.6838821111111112,0.86531690625,0.9687015555555556,501,82
1,3,0.75264084375,0.6838821111111112,0.86531690625,0.9687015555555556,601,82
1,3,0.75264084375,0.6838821111111112,0.86531690625,0.9687015555555556,701,82
1,5,0.463028125,0.6087636944444444,0.5316906250000001,0.9937402222222222,1,83
1,5,0.463028125,0.6087636944444444,0.5316906250000001,0.9937402222222222,101,83
1,5,0.463028125,0.6087636944444444,0.5316906250000001,0.9937402222222222,201,83
1,5,0.463028125,0.6087636944444444,0.5316906250000001,0.9937402222222222,301,83
1,5,0.463028125,0.6087636944444444,0.5316906250000001,0.9937402222222222,401,83
1,5,0.463028125,0.6087636944444444,0.5316906250000001,0.9937402222222222,501,83
1,5,0.463028125,0.6087636944444444,0.5316906250000001,0.9937402222222222,601,83
1,5,0.463028125,0.6087636944444444,0.5316906250000001,0.9937402222222222,701,83
1,5,0.520246875,0.9467916666666668,0.5211265625,0.9467916666666668,1,84
1,5,0.520246875,0.9467916666666668,0.5211265625,0.9467916666666668,101,84
1,5,0.520246875,0.9467916666666668,0.5211265625,0.9467916666666668,201,84
1,5,0.520246875,0.9467916666666668,0.5211265625,0.9467916666666668,301,84
1,5,0.520246875,0.9467916666666668,0.5211265625,0.9467916666666668,401,84
1,5,0.520246875,0.9467916666666668,0.5211265625,0.9467916666666668,501,84
1,5,0.520246875,0.9467916666666668,0.5211265625,0.9467916666666668,601,84
1,5,0.520246875,0.9467916666666668,0.5211265625,0.9467916666666668,701,84
1,7,0.7341546875,0.6510172222222222,0.852992953125,0.9984361111111112,1,85
1,7,0.7341546875,0.6510172222222222,0.852992953125,0.9984361111111112,101,85
1,7,0.7341546875,0.6510172222222222,0.852992953125,0.9984361111111112,201,85
1,7,0.7341546875,0.6510172222222222,0.852992953125,0.9984361111111112,301,85
1,7,0.7341546875,0.6510172222222222,0.852992953125,0.9984361111111112,401,85
1,7,0.7341546875,0.6510172222222222,0.852992953125,0.9984361111111112,501,85
1,7,0.7341546875,0.6510172222222222,0.852992953125,0.9984361111111112,601,85
1,7,0.7341546875,0.6510172222222222,0.852992953125,0.9984361111111112,701,85
1,7,0.91109225,0.6228493333333334,1.0,0.9874804444444446,1,86
1,7,0.91109225,0.6228493333333334,1.0,0.9874804444444446,101,86
1,7,0.91109225,0.6228493333333334,1.0,0.9874804444444446,201,86
1,7,0.91109225,0.6228493333333334,1.0,0.9874804444444446,301,86
1,7,0.91109225,0.6228493333333334,1.0,0.9874804444444446,401,86
1,7,0.91109225,0.6228493333333334,1.0,0.9874804444444446,501,86
1,7,0.91109225,0.6228493333333334,1.0,0.9874804444444446,601,86
1,7,0.91109225,0.6228493333333334,1.0,0.9874804444444446,701,86
2,1,0.832813,0.5777781,0.8515630000000002,0.6305559000000001,1,0
2,1,0.832813,0.5777781,0.8515630000000002,0.6305559000000001,101,0
2,1,0.832813,0.5777781,0.8515630000000002,0.6305559000000001,201,0
2,1,0.832813,0.5777781,0.8515630000000002,0.6305559000000001,301,0
2,1,0.832813,0.5777781,0.8515630000000002,0.6305559000000001,401,0
2,1,0.832813,0.5777781,0.8515630000000002,0.6305559000000001,501,0
2,1,0.832813,0.5777781,0.8515630000000002,0.6305559000000001,601,0
2,1,0.832813,0.5777781,0.8515630000000002,0.6305559000000001,701,0
2,1,0.7265625,0.619444,0.7546875,0.7222220000000001,1,1
2,1,0.7265625,0.619444,0.7546875,0.7222220000000001,101,1
2,1,0.7265625,0.619444,0.7546875,0.7222220000000001,201,1
2,1,0.7265625,0.619444,0.7546875,0.7222220000000001,301,1
2,1,0.7265625,0.619444,0.7546875,0.7222220000000001,401,1
2,1,0.7265625,0.619444,0.7546875,0.7222220000000001,501,1
2,1,0.7265625,0.619444,0.7546875,0.7222220000000001,601,1
2,1,0.7265625,0.619444,0.7546875,0.7222220000000001,701,1
2,1,0.8015625,0.5777778,0.8171875,0.6472222000000001,1,2
2,1,0.8015625,0.5777778,0.8171875,0.6472222000000001,101,2
2,1,0.8015625,0.5777778,0.8171875,0.6472222000000001,201,2
2,1,0.8015625,0.5777778,0.8171875,0.6472222000000001,301,2
2,1,0.8015625,0.5777778,0.8171875,0.6472222000000001,401,2
2,1,0.8015625,0.5777778,0.8171875,0.6472222000000001,501,2
2,1,0.8015625,0.5777778,0.8171875,0.6472222000000001,601,2
2,1,0.8015625,0.5777778,0.8171875,0.6472222000000001,701,2
2,1,0.946875,0.5777774499999999,0.965625,0.66388855,1,3
2,1,0.946875,0.5777774499999999,0.965625,0.66388855,101,3
2,1,0.946875,0.5777774499999999,0.965625,0.66388855,201,3
2,1,0.946875,0.5777774499999999,0.965625,0.66388855,301,3
2,1,0.946875,0.5777774499999999,0.965625,0.66388855,401,3
2,1,0.946875,0.5777774499999999,0.965625,0.66388855,501,3
2,1,0.946875,0.5777774499999999,0.965625,0.66388855,601,3
2,1,0.946875,0.5777774499999999,0.965625,0.66388855,701,3
2,1,0.915625,0.5694443499999999,0.934375,0.65277765,1,4
2,1,0.915625,0.5694443499999999,0.934375,0.65277765,101,4
2,1,0.915625,0.5694443499999999,0.934375,0.65277765,201,4
2,1,0.915625,0.5694443499999999,0.934375,0.65277765,301,4
2,1,0.915625,0.5694443499999999,0.934375,0.65277765,401,4
2,1,0.915625,0.5694443499999999,0.934375,0.65277765,501,4
2,1,0.915625,0.5694443499999999,0.934375,0.65277765,601,4
2,1,0.915625,0.5694443499999999,0.934375,0.65277765,701,4
2,1,0.459375,0.58055565,0.478125,0.67222235,1,5
2,1,0.459375,0.58055565,0.478125,0.67222235,101,5
2,1,0.459375,0.58055565,0.478125,0.67222235,201,5
2,1,0.459375,0.58055565,0.478125,0.67222235,301,5
2,1,0.459375,0.58055565,0.478125,0.67222235,401,5
2,1,0.459375,0.58055565,0.478125,0.67222235,501,5
2,1,0.459375,0.58055565,0.478125,0.67222235,601,5
2,1,0.459375,0.58055565,0.478125,0.67222235,701,5
2,1,0.41406225,0.5722219,0.43749975,0.6694441,1,6
2,1,0.41406225,0.5722219,0.43749975,0.6694441,101,6
2,1,0.41406225,0.5722219,0.43749975,0.6694441,201,6
2,1,0.41406225,0.5722219,0.43749975,0.6694441,301,6
2,1,0.41406225,0.5722219,0.43749975,0.6694441,401,6
2,1,0.41406225,0.5722219,0.43749975,0.6694441,501,6
2,1,0.41406225,0.5722219,0.43749975,0.6694441,601,6
2,1,0.41406225,0.5722219,0.43749975,0.6694441,701,6
2,1,0.8031254999999999,0.6083335,1.0,0.9972225,1,7
2,1,0.8031254999999999,0.6083335,1.0,0.9972225,101,7
2,1,0.8031254999999999,0.6083335,1.0,0.9972225,201,7
2,1,0.8031254999999999,0.6083335,1.0,0.9972225,301,7
2,1,0.8031254999999999,0.6083335,1.0,0.9972225,401,7
2,1,0.8031254999999999,0.6083335,1.0,0.9972225,501,7
2,1,0.8031254999999999,0.6083335,1.0,0.9972225,601,7
2,1,0.8031254999999999,0.6083335,1.0,0.9972225,701,7
2,1,0.33437475,0.580555,0.39218725,0.8333330000000001,1,8
2,1,0.33437475,0.580555,0.39218725,0.8333330000000001,101,8
2,1,0.33437475,0.580555,0.39218725,0.8333330000000001,201,8
2,1,0.33437475,0.580555,0.39218725,0.8333330000000001,301,8
2,1,0.33437475,0.580555,0.39218725,0.8333330000000001,401,8
2,1,0.33437475,0.580555,0.39218725,0.8333330000000001,501,8
2,1,0.33437475,0.580555,0.39218725,0.8333330000000001,601,8
2,1,0.33437475,0.580555,0.39218725,0.8333330000000001,701,8
2,1,0.023438,0.5638885,0.223438,0.9999995,1,10
2,1,0.023438,0.5638885,0.223438,0.9999995,101,10
2,1,0.023438,0.5638885,0.223438,0.9999995,201,10
2,1,0.023438,0.5638885,0.223438,0.9999995,301,10
2,1,0.023438,0.5638885,0.223438,0.9999995,401,10
2,1,0.023438,0.5638885,0.223438,0.9999995,501,10
2,1,0.023438,0.5638885,0.223438,0.9999995,601,10
2,1,0.023438,0.5638885,0.223438,0.9999995,701,10
2,2,0.8609372500000001,0.5777778,0.8781247499999999,0.6472222000000001,1,11
2,2,0.8609372500000001,0.5777778,0.8781247499999999,0.6472222000000001,101,11
2,2,0.8609372500000001,0.5777778,0.8781247499999999,0.6472222000000001,201,11
2,2,0.8609372500000001,0.5777778,0.8781247499999999,0.6472222000000001,301,11
2,2,0.8609372500000001,0.5777778,0.8781247499999999,0.6472222000000001,401,11
2,2,0.8609372500000001,0.5777778,0.8781247499999999,0.6472222000000001,501,11
2,2,0.8609372500000001,0.5777778,0.8781247499999999,0.6472222000000001,601,11
2,2,0.8609372500000001,0.5777778,0.8781247499999999,0.6472222000000001,701,11
2,2,0.803125,0.5777775500000001,0.815625,0.61666645,1,12
2,2,0.803125,0.5777775500000001,0.815625,0.61666645,101,12
2,2,0.803125,0.5777775500000001,0.815625,0.61666645,201,12
2,2,0.803125,0.5777775500000001,0.815625,0.61666645,301,12
2,2,0.803125,0.5777775500000001,0.815625,0.61666645,401,12
2,2,0.803125,0.5777775500000001,0.815625,0.61666645,501,12
2,2,0.803125,0.5777775500000001,0.815625,0.61666645,601,12
2,2,0.803125,0.5777775500000001,0.815625,0.61666645,701,12
2,2,0.8281255,0.577778,0.8437505,0.6277780000000001,1,13
2,2,0.8281255,0.577778,0.8437505,0.6277780000000001,101,13
2,2,0.8281255,0.577778,0.8437505,0.6277780000000001,201,13
2,2,0.8281255,0.577778,0.8437505,0.6277780000000001,301,13
2,2,0.8281255,0.577778,0.8437505,0.6277780000000001,401,13
2,2,0.8281255,0.577778,0.8437505,0.6277780000000001,501,13
2,2,0.8281255,0.577778,0.8437505,0.6277780000000001,601,13
2,2,0.8281255,0.577778,0.8437505,0.6277780000000001,701,13
2,2,0.464063,0.57222235,0.4765629999999999,0.6305556499999999,1,14
2,2,0.464063,0.57222235,0.4765629999999999,0.6305556499999999,101,14
2,2,0.464063,0.57222235,0.4765629999999999,0.6305556499999999,201,14
2,2,0.464063,0.57222235,0.4765629999999999,0.6305556499999999,301,14
2,2,0.464063,0.57222235,0.4765629999999999,0.6305556499999999,401,14
2,2,0.464063,0.57222235,0.4765629999999999,0.6305556499999999,501,14
2,2,0.464063,0.57222235,0.4765629999999999,0.6305556499999999,601,14
2,2,0.464063,0.57222235,0.4765629999999999,0.6305556499999999,701,14
2,2,0.95468775,0.5777775500000001,0.98125025,0.66666645,1,15
2,2,0.95468775,0.5777775500000001,0.98125025,0.66666645,101,15
2,2,0.95468775,0.5777775500000001,0.98125025,0.66666645,201,15
2,2,0.95468775,0.5777775500000001,0.98125025,0.66666645,301,15
2,2,0.95468775,0.5777775500000001,0.98125025,0.66666645,401,15
2,2,0.95468775,0.5777775500000001,0.98125025,0.66666645,501,15
2,2,0.95468775,0.5777775500000001,0.98125025,0.66666645,601,15
2,2,0.95468775,0.5777775500000001,0.98125025,0.66666645,701,15
2,2,0.97968775,0.577778,1.0,0.652778,1,16
2,2,0.97968775,0.577778,1.0,0.652778,101,16
2,2,0.97968775,0.577778,1.0,0.652778,201,16
2,2,0.97968775,0.577778,1.0,0.652778,301,16
2,2,0.97968775,0.577778,1.0,0.652778,401,16
2,2,0.97968775,0.577778,1.0,0.652778,501,16
2,2,0.97968775,0.577778,1.0,0.652778,601,16
2,2,0.97968775,0.577778,1.0,0.652778,701,16
2,2,0.742188,0.6111115,0.9125,0.9972225,1,15
2,2,0.742188,0.6111115,0.9125,0.9972225,101,15
2,2,0.742188,0.6111115,0.9125,0.9972225,201,15
2,2,0.742188,0.6111115,0.9125,0.9972225,301,15
2,2,0.742188,0.6111115,0.9125,0.9972225,401,15
2,2,0.742188,0.6111115,0.9125,0.9972225,501,15
2,2,0.742188,0.6111115,0.9125,0.9972225,601,15
2,2,0.742188,0.6111115,0.9125,0.9972225,701,15
2,2,0.4765627500000001,0.5722219,0.49687525,0.6694441,1,17
2,2,0.4765627500000001,0.5722219,0.49687525,0.6694441,101,17
2,2,0.4765627500000001,0.5722219,0.49687525,0.6694441,201,17
2,2,0.4765627500000001,0.5722219,0.49687525,0.6694441,301,17
2,2,0.4765627500000001,0.5722219,0.49687525,0.6694441,401,17
2,2,0.4765627500000001,0.5722219,0.49687525,0.6694441,501,17
2,2,0.4765627500000001,0.5722219,0.49687525,0.6694441,601,17
2,2,0.4765627500000001,0.5722219,0.49687525,0.6694441,701,17
2,2,0.43437475,0.572222,0.45468725,0.6722220000000001,1,18
2,2,0.43437475,0.572222,0.45468725,0.6722220000000001,101,18
2,2,0.43437475,0.572222,0.45468725,0.6722220000000001,201,18
2,2,0.43437475,0.572222,0.45468725,0.6722220000000001,301,18
2,2,0.43437475,0.572222,0.45468725,0.6722220000000001,401,18
2,2,0.43437475,0.572222,0.45468725,0.6722220000000001,501,18
2,2,0.43437475,0.572222,0.45468725,0.6722220000000001,601,18
2,2,0.43437475,0.572222,0.45468725,0.6722220000000001,701,18
2,2,0.9328125,0.569444,0.9546875,0.672222,1,19
2,2,0.9328125,0.569444,0.9546875,0.672222,101,19
2,2,0.9328125,0.569444,0.9546875,0.672222,201,19
2,2,0.9328125,0.569444,0.9546875,0.672222,301,19
2,2,0.9328125,0.569444,0.9546875,0.672222,401,19
2,2,0.9328125,0.569444,0.9546875,0.672222,501,19
2,2,0.9328125,0.569444,0.9546875,0.672222,601,19
2,2,0.9328125,0.569444,0.9546875,0.672222,701,19
2,2,0.3390627499999999,0.583333,0.39687525,0.8361109999999999,1,8
2,2,0.3390627499999999,0.583333,0.39687525,0.8361109999999999,101,8
2,2,0.3390627499999999,0.583333,0.39687525,0.8361109999999999,201,8
2,2,0.3390627499999999,0.583333,0.39687525,0.8361109999999999,301,8
2,2,0.3390627499999999,0.583333,0.39687525,0.8361109999999999,401,8
2,2,0.3390627499999999,0.583333,0.39687525,0.8361109999999999,501,8
2,2,0.3390627499999999,0.583333,0.39687525,0.8361109999999999,601,8
2,2,0.3390627499999999,0.583333,0.39687525,0.8361109999999999,701,8
2,2,0.1093755,0.566666,0.2765625,0.997222,1,10
2,2,0.1093755,0.566666,0.2765625,0.997222,101,10
2,2,0.1093755,0.566666,0.2765625,0.997222,201,10
2,2,0.1093755,0.566666,0.2765625,0.997222,301,10
2,2,0.1093755,0.566666,0.2765625,0.997222,401,10
2,2,0.1093755,0.566666,0.2765625,0.997222,501,10
2,2,0.1093755,0.566666,0.2765625,0.997222,601,10
2,2,0.1093755,0.566666,0.2765625,0.997222,701,10
2,3,0.4765625,0.57222235,0.4921875,0.6305556499999999,1,20
2,3,0.4765625,0.57222235,0.4921875,0.6305556499999999,101,20
2,3,0.4765625,0.57222235,0.4921875,0.6305556499999999,201,20
2,3,0.4765625,0.57222235,0.4921875,0.6305556499999999,301,20
2,3,0.4765625,0.57222235,0.4921875,0.6305556499999999,401,20
2,3,0.4765625,0.57222235,0.4921875,0.6305556499999999,501,20
2,3,0.4765625,0.57222235,0.4921875,0.6305556499999999,601,20
2,3,0.4765625,0.57222235,0.4921875,0.6305556499999999,701,20
2,3,0.97968775,0.57777735,1.0,0.66111065,1,21
2,3,0.97968775,0.57777735,1.0,0.66111065,101,21
2,3,0.97968775,0.57777735,1.0,0.66111065,201,21
2,3,0.97968775,0.57777735,1.0,0.66111065,301,21
2,3,0.97968775,0.57777735,1.0,0.66111065,401,21
2,3,0.97968775,0.57777735,1.0,0.66111065,501,21
2,3,0.97968775,0.57777735,1.0,0.66111065,601,21
2,3,0.97968775,0.57777735,1.0,0.66111065,701,21
2,3,0.8468747499999999,0.5777776499999999,0.8609372500000001,0.64444435,1,22
2,3,0.8468747499999999,0.5777776499999999,0.8609372500000001,0.64444435,101,22
2,3,0.8468747499999999,0.5777776499999999,0.8609372500000001,0.64444435,201,22
2,3,0.8468747499999999,0.5777776499999999,0.8609372500000001,0.64444435,301,22
2,3,0.8468747499999999,0.5777776499999999,0.8609372500000001,0.64444435,401,22
2,3,0.8468747499999999,0.5777776499999999,0.8609372500000001,0.64444435,501,22
2,3,0.8468747499999999,0.5777776499999999,0.8609372500000001,0.64444435,601,22
2,3,0.8468747499999999,0.5777776499999999,0.8609372500000001,0.64444435,701,22
2,3,0.94218725,0.575,0.96562475,0.677778,1,23
2,3,0.94218725,0.575,0.96562475,0.677778,101,23
2,3,0.94218725,0.575,0.96562475,0.677778,201,23
2,3,0.94218725,0.575,0.96562475,0.677778,301,23
2,3,0.94218725,0.575,0.96562475,0.677778,401,23
2,3,0.94218725,0.575,0.96562475,0.677778,501,23
2,3,0.94218725,0.575,0.96562475,0.677778,601,23
2,3,0.94218725,0.575,0.96562475,0.677778,701,23
2,3,0.4437505,0.57499965,0.4656254999999999,0.66666635,1,24
2,3,0.4437505,0.57499965,0.4656254999999999,0.66666635,101,24
2,3,0.4437505,0.57499965,0.4656254999999999,0.66666635,201,24
2,3,0.4437505,0.57499965,0.4656254999999999,0.66666635,301,24
2,3,0.4437505,0.57499965,0.4656254999999999,0.66666635,401,24
2,3,0.4437505,0.57499965,0.4656254999999999,0.66666635,501,24
2,3,0.4437505,0.57499965,0.4656254999999999,0.66666635,601,24
2,3,0.4437505,0.57499965,0.4656254999999999,0.66666635,701,24
2,3,0.701563,0.6388895,0.821875,0.9972225,1,15
2,3,0.701563,0.6388895,0.821875,0.9972225,101,15
2,3,0.701563,0.6388895,0.821875,0.9972225,201,15
2,3,0.701563,0.6388895,0.821875,0.9972225,301,15
2,3,0.701563,0.6388895,0.821875,0.9972225,401,15
2,3,0.701563,0.6388895,0.821875,0.9972225,501,15
2,3,0.701563,0.6388895,0.821875,0.9972225,601,15
2,3,0.701563,0.6388895,0.821875,0.9972225,701,15
2,3,0.49375,0.58055555,0.5125000000000001,0.66944445,1,25
2,3,0.49375,0.58055555,0.5125000000000001,0.66944445,101,25
2,3,0.49375,0.58055555,0.5125000000000001,0.66944445,201,25
2,3,0.49375,0.58055555,0.5125000000000001,0.66944445,301,25
2,3,0.49375,0.58055555,0.5125000000000001,0.66944445,401,25
2,3,0.49375,0.58055555,0.5125000000000001,0.66944445,501,25
2,3,0.49375,0.58055555,0.5125000000000001,0.66944445,601,25
2,3,0.49375,0.58055555,0.5125000000000001,0.66944445,701,25
2,3,0.3296875,0.5805555,0.3890625,0.8638885000000001,1,8
2,3,0.3296875,0.5805555,0.3890625,0.8638885000000001,101,8
2,3,0.3296875,0.5805555,0.3890625,0.8638885000000001,201,8
2,3,0.3296875,0.5805555,0.3890625,0.8638885000000001,301,8
2,3,0.3296875,0.5805555,0.3890625,0.8638885000000001,401,8
2,3,0.3296875,0.5805555,0.3890625,0.8638885000000001,501,8
2,3,0.3296875,0.5805555,0.3890625,0.8638885000000001,601,8
2,3,0.3296875,0.5805555,0.3890625,0.8638885000000001,701,8
2,3,0.178125,0.5833335000000001,0.329687,0.9972225,1,10
2,3,0.178125,0.5833335000000001,0.329687,0.9972225,101,10
2,3,0.178125,0.5833335000000001,0.329687,0.9972225,201,10
2,3,0.178125,0.5833335000000001,0.329687,0.9972225,301,10
2,3,0.178125,0.5833335000000001,0.329687,0.9972225,401,10
2,3,0.178125,0.5833335000000001,0.329687,0.9972225,501,10
2,3,0.178125,0.5833335000000001,0.329687,0.9972225,601,10
2,3,0.178125,0.5833335000000001,0.329687,0.9972225,701,10
2,4,0.98125,0.663889,1.0,0.766667,1,26
2,4,0.98125,0.663889,1.0,0.766667,101,26
2,4,0.98125,0.663889,1.0,0.766667,201,26
2,4,0.98125,0.663889,1.0,0.766667,301,26
2,4,0.98125,0.663889,1.0,0.766667,401,26
2,4,0.98125,0.663889,1.0,0.766667,501,26
2,4,0.98125,0.663889,1.0,0.766667,601,26
2,4,0.98125,0.663889,1.0,0.766667,701,26
2,4,0.48437475,0.5722222,0.49843725,0.6277777999999999,1,21
2,4,0.48437475,0.5722222,0.49843725,0.6277777999999999,101,21
2,4,0.48437475,0.5722222,0.49843725,0.6277777999999999,201,21
2,4,0.48437475,0.5722222,0.49843725,0.6277777999999999,301,21
2,4,0.48437475,0.5722222,0.49843725,0.6277777999999999,401,21
2,4,0.48437475,0.5722222,0.49843725,0.6277777999999999,501,21
2,4,0.48437475,0.5722222,0.49843725,0.6277777999999999,601,21
2,4,0.48437475,0.5722222,0.49843725,0.6277777999999999,701,21
2,4,0.36093775,0.583333,0.40625025,0.7361110000000001,1,8
2,4,0.36093775,0.583333,0.40625025,0.7361110000000001,101,8
2,4,0.36093775,0.583333,0.40625025,0.7361110000000001,201,8
2,4,0.36093775,0.583333,0.40625025,0.7361110000000001,301,8
2,4,0.36093775,0.583333,0.40625025,0.7361110000000001,401,8
2,4,0.36093775,0.583333,0.40625025,0.7361110000000001,501,8
2,4,0.36093775,0.583333,0.40625025,0.7361110000000001,601,8
2,4,0.36093775,0.583333,0.40625025,0.7361110000000001,701,8
2,4,0.5015624999999999,0.57777765,0.5234375,0.66944435,1,27
2,4,0.5015624999999999,0.57777765,0.5234375,0.66944435,101,27
2,4,0.5015624999999999,0.57777765,0.5234375,0.66944435,201,27
2,4,0.5015624999999999,0.57777765,0.5234375,0.66944435,301,27
2,4,0.5015624999999999,0.57777765,0.5234375,0.66944435,401,27
2,4,0.5015624999999999,0.57777765,0.5234375,0.66944435,501,27
2,4,0.5015624999999999,0.57777765,0.5234375,0.66944435,601,27
2,4,0.5015624999999999,0.57777765,0.5234375,0.66944435,701,27
2,4,0.4515625,0.569444,0.4734375,0.669444,1,23
2,4,0.4515625,0.569444,0.4734375,0.669444,101,23
2,4,0.4515625,0.569444,0.4734375,0.669444,201,23
2,4,0.4515625,0.569444,0.4734375,0.669444,301,23
2,4,0.4515625,0.569444,0.4734375,0.669444,401,23
2,4,0.4515625,0.569444,0.4734375,0.669444,501,23
2,4,0.4515625,0.569444,0.4734375,0.669444,601,23
2,4,0.4515625,0.569444,0.4734375,0.669444,701,23
2,4,0.94062525,0.572222,0.96406275,0.6722220000000001,1,24
2,4,0.94062525,0.572222,0.96406275,0.6722220000000001,101,24
2,4,0.94062525,0.572222,0.96406275,0.6722220000000001,201,24
2,4,0.94062525,0.572222,0.96406275,0.6722220000000001,301,24
2,4,0.94062525,0.572222,0.96406275,0.6722220000000001,401,24
2,4,0.94062525,0.572222,0.96406275,0.6722220000000001,501,24
2,4,0.94062525,0.572222,0.96406275,0.6722220000000001,601,24
2,4,0.94062525,0.572222,0.96406275,0.6722220000000001,701,24
2,4,0.6359374999999999,0.625,0.7515625,0.9944440000000002,1,15
2,4,0.6359374999999999,0.625,0.7515625,0.9944440000000002,101,15
2,4,0.6359374999999999,0.625,0.7515625,0.9944440000000002,201,15
2,4,0.6359374999999999,0.625,0.7515625,0.9944440000000002,301,15
2,4,0.6359374999999999,0.625,0.7515625,0.9944440000000002,401,15
2,4,0.6359374999999999,0.625,0.7515625,0.9944440000000002,501,15
2,4,0.6359374999999999,0.625,0.7515625,0.9944440000000002,601,15
2,4,0.6359374999999999,0.625,0.7515625,0.9944440000000002,701,15
2,4,0.264063,0.5805555,0.403125,0.9972225,1,10
2,4,0.264063,0.5805555,0.403125,0.9972225,101,10
2,4,0.264063,0.5805555,0.403125,0.9972225,201,10
2,4,0.264063,0.5805555,0.403125,0.9972225,301,10
2,4,0.264063,0.5805555,0.403125,0.9972225,401,10
2,4,0.264063,0.5805555,0.403125,0.9972225,501,10
2,4,0.264063,0.5805555,0.403125,0.9972225,601,10
2,4,0.264063,0.5805555,0.403125,0.9972225,701,10
2,5,0.4749995,0.5722221,0.4906245,0.6249999,1,21
2,5,0.4749995,0.5722221,0.4906245,0.6249999,101,21
2,5,0.4749995,0.5722221,0.4906245,0.6249999,201,21
2,5,0.4749995,0.5722221,0.4906245,0.6249999,301,21
2,5,0.4749995,0.5722221,0.4906245,0.6249999,401,21
2,5,0.4749995,0.5722221,0.4906245,0.6249999,501,21
2,5,0.4749995,0.5722221,0.4906245,0.6249999,601,21
2,5,0.4749995,0.5722221,0.4906245,0.6249999,701,21
2,5,0.45312475,0.5694448,0.47343725,0.6638892,1,23
2,5,0.45312475,0.5694448,0.47343725,0.6638892,101,23
2,5,0.45312475,0.5694448,0.47343725,0.6638892,201,23
2,5,0.45312475,0.5694448,0.47343725,0.6638892,301,23
2,5,0.45312475,0.5694448,0.47343725,0.6638892,401,23
2,5,0.45312475,0.5694448,0.47343725,0.6638892,501,23
2,5,0.45312475,0.5694448,0.47343725,0.6638892,601,23
2,5,0.45312475,0.5694448,0.47343725,0.6638892,701,23
2,5,0.5015627500000001,0.57777765,0.52187525,0.66944435,1,25
2,5,0.5015627500000001,0.57777765,0.52187525,0.66944435,101,25
2,5,0.5015627500000001,0.57777765,0.52187525,0.66944435,201,25
2,5,0.5015627500000001,0.57777765,0.52187525,0.66944435,301,25
2,5,0.5015627500000001,0.57777765,0.52187525,0.66944435,401,25
2,5,0.5015627500000001,0.57777765,0.52187525,0.66944435,501,25
2,5,0.5015627500000001,0.57777765,0.52187525,0.66944435,601,25
2,5,0.5015627500000001,0.57777765,0.52187525,0.66944435,701,25
2,5,0.58593775,0.6055555,0.68125025,0.9972225,1,15
2,5,0.58593775,0.6055555,0.68125025,0.9972225,101,15
2,5,0.58593775,0.6055555,0.68125025,0.9972225,201,15
2,5,0.58593775,0.6055555,0.68125025,0.9972225,301,15
2,5,0.58593775,0.6055555,0.68125025,0.9972225,401,15
2,5,0.58593775,0.6055555,0.68125025,0.9972225,501,15
2,5,0.58593775,0.6055555,0.68125025,0.9972225,601,15
2,5,0.58593775,0.6055555,0.68125025,0.9972225,701,15
2,5,0.2671874999999999,0.5833335000000001,0.4328125,0.9972225,1,10
2,5,0.2671874999999999,0.5833335000000001,0.4328125,0.9972225,101,10
2,5,0.2671874999999999,0.5833335000000001,0.4328125,0.9972225,201,10
2,5,0.2671874999999999,0.5833335000000001,0.4328125,0.9972225,301,10
2,5,0.2671874999999999,0.5833335000000001,0.4328125,0.9972225,401,10
2,5,0.2671874999999999,0.5833335000000001,0.4328125,0.9972225,501,10
2,5,0.2671874999999999,0.5833335000000001,0.4328125,0.9972225,601,10
2,5,0.2671874999999999,0.5833335000000001,0.4328125,0.9972225,701,10
2,6,0.429687,0.57500035,0.442187,0.63333365,1,28
2,6,0.429687,0.57500035,0.442187,0.63333365,101,28
2,6,0.429687,0.57500035,0.442187,0.63333365,201,28
2,6,0.429687,0.57500035,0.442187,0.63333365,301,28
2,6,0.429687,0.57500035,0.442187,0.63333365,401,28
2,6,0.429687,0.57500035,0.442187,0.63333365,501,28
2,6,0.429687,0.57500035,0.442187,0.63333365,601,28
2,6,0.429687,0.57500035,0.442187,0.63333365,701,28
2,6,0.459375,0.572222,0.471875,0.647222,1,29
2,6,0.459375,0.572222,0.471875,0.647222,101,29
2,6,0.459375,0.572222,0.471875,0.647222,201,29
2,6,0.459375,0.572222,0.471875,0.647222,301,29
2,6,0.459375,0.572222,0.471875,0.647222,401,29
2,6,0.459375,0.572222,0.471875,0.647222,501,29
2,6,0.459375,0.572222,0.471875,0.647222,601,29
2,6,0.459375,0.572222,0.471875,0.647222,701,29
2,6,0.4765625,0.57499955,0.4921875,0.63888845,1,21
2,6,0.4765625,0.57499955,0.4921875,0.63888845,101,21
2,6,0.4765625,0.57499955,0.4921875,0.63888845,201,21
2,6,0.4765625,0.57499955,0.4921875,0.63888845,301,21
2,6,0.4765625,0.57499955,0.4921875,0.63888845,401,21
2,6,0.4765625,0.57499955,0.4921875,0.63888845,501,21
2,6,0.4765625,0.57499955,0.4921875,0.63888845,601,21
2,6,0.4765625,0.57499955,0.4921875,0.63888845,701,21
2,6,0.44374975,0.57222265,0.4640622499999999,0.66388935,1,23
2,6,0.44374975,0.57222265,0.4640622499999999,0.66388935,101,23
2,6,0.44374975,0.57222265,0.4640622499999999,0.66388935,201,23
2,6,0.44374975,0.57222265,0.4640622499999999,0.66388935,301,23
2,6,0.44374975,0.57222265,0.4640622499999999,0.66388935,401,23
2,6,0.44374975,0.57222265,0.4640622499999999,0.66388935,501,23
2,6,0.44374975,0.57222265,0.4640622499999999,0.66388935,601,23
2,6,0.44374975,0.57222265,0.4640622499999999,0.66388935,701,23
2,6,0.97500025,0.56944445,0.99843775,0.6555555500000001,1,30
2,6,0.97500025,0.56944445,0.99843775,0.6555555500000001,101,30
2,6,0.97500025,0.56944445,0.99843775,0.6555555500000001,201,30
2,6,0.97500025,0.56944445,0.99843775,0.6555555500000001,301,30
2,6,0.97500025,0.56944445,0.99843775,0.6555555500000001,401,30
2,6,0.97500025,0.56944445,0.99843775,0.6555555500000001,501,30
2,6,0.97500025,0.56944445,0.99843775,0.6555555500000001,601,30
2,6,0.97500025,0.56944445,0.99843775,0.6555555500000001,701,30
2,6,0.9093755,0.5638885,0.9312505000000002,0.6777774999999999,1,24
2,6,0.9093755,0.5638885,0.9312505000000002,0.6777774999999999,101,24
2,6,0.9093755,0.5638885,0.9312505000000002,0.6777774999999999,201,24
2,6,0.9093755,0.5638885,0.9312505000000002,0.6777774999999999,301,24
2,6,0.9093755,0.5638885,0.9312505000000002,0.6777774999999999,401,24
2,6,0.9093755,0.5638885,0.9312505000000002,0.6777774999999999,501,24
2,6,0.9093755,0.5638885,0.9312505000000002,0.6777774999999999,601,24
2,6,0.9093755,0.5638885,0.9312505000000002,0.6777774999999999,701,24
2,6,0.4953127499999999,0.57777765,0.5156252499999999,0.66944435,1,25
2,6,0.4953127499999999,0.57777765,0.5156252499999999,0.66944435,101,25
2,6,0.4953127499999999,0.57777765,0.5156252499999999,0.66944435,201,25
2,6,0.4953127499999999,0.57777765,0.5156252499999999,0.66944435,301,25
2,6,0.4953127499999999,0.57777765,0.5156252499999999,0.66944435,401,25
2,6,0.4953127499999999,0.57777765,0.5156252499999999,0.66944435,501,25
2,6,0.4953127499999999,0.57777765,0.5156252499999999,0.66944435,601,25
2,6,0.4953127499999999,0.57777765,0.5156252499999999,0.66944435,701,25
2,6,0.265625,0.5805555,0.415625,0.9972225,1,10
2,6,0.265625,0.5805555,0.415625,0.9972225,101,10
2,6,0.265625,0.5805555,0.415625,0.9972225,201,10
2,6,0.265625,0.5805555,0.415625,0.9972225,301,10
2,6,0.265625,0.5805555,0.415625,0.9972225,401,10
2,6,0.265625,0.5805555,0.415625,0.9972225,501,10
2,6,0.265625,0.5805555,0.415625,0.9972225,601,10
2,6,0.265625,0.5805555,0.415625,0.9972225,701,10
2,6,0.51562475,0.619444,0.60468725,0.997222,1,15
2,6,0.51562475,0.619444,0.60468725,0.997222,101,15
2,6,0.51562475,0.619444,0.60468725,0.997222,201,15
2,6,0.51562475,0.619444,0.60468725,0.997222,301,15
2,6,0.51562475,0.619444,0.60468725,0.997222,401,15
2,6,0.51562475,0.619444,0.60468725,0.997222,501,15
2,6,0.51562475,0.619444,0.60468725,0.997222,601,15
2,6,0.51562475,0.619444,0.60468725,0.997222,701,15
2,7,0.4859375,0.5833338,0.5015625,0.6527782000000001,1,25
2,7,0.4859375,0.5833338,0.5015625,0.6527782000000001,101,25
2,7,0.4859375,0.5833338,0.5015625,0.6527782000000001,201,25
2,7,0.4859375,0.5833338,0.5015625,0.6527782000000001,301,25
2,7,0.4859375,0.5833338,0.5015625,0.6527782000000001,401,25
2,7,0.4859375,0.5833338,0.5015625,0.6527782000000001,501,25
2,7,0.4859375,0.5833338,0.5015625,0.6527782000000001,601,25
2,7,0.4859375,0.5833338,0.5015625,0.6527782000000001,701,25
2,7,0.45468775,0.5694445499999999,0.46875025,0.63333345,1,21
2,7,0.45468775,0.5694445499999999,0.46875025,0.63333345,101,21
2,7,0.45468775,0.5694445499999999,0.46875025,0.63333345,201,21
2,7,0.45468775,0.5694445499999999,0.46875025,0.63333345,301,21
2,7,0.45468775,0.5694445499999999,0.46875025,0.63333345,401,21
2,7,0.45468775,0.5694445499999999,0.46875025,0.63333345,501,21
2,7,0.45468775,0.5694445499999999,0.46875025,0.63333345,601,21
2,7,0.45468775,0.5694445499999999,0.46875025,0.63333345,701,21
2,7,0.33593725,0.580556,0.39062475,0.755556,1,8
2,7,0.33593725,0.580556,0.39062475,0.755556,101,8
2,7,0.33593725,0.580556,0.39062475,0.755556,201,8
2,7,0.33593725,0.580556,0.39062475,0.755556,301,8
2,7,0.33593725,0.580556,0.39062475,0.755556,401,8
2,7,0.33593725,0.580556,0.39062475,0.755556,501,8
2,7,0.33593725,0.580556,0.39062475,0.755556,601,8
2,7,0.33593725,0.580556,0.39062475,0.755556,701,8
2,7,0.432812,0.57222255,0.451562,0.6611114499999999,1,23
2,7,0.432812,0.57222255,0.451562,0.6611114499999999,101,23
2,7,0.432812,0.57222255,0.451562,0.6611114499999999,201,23
2,7,0.432812,0.57222255,0.451562,0.6611114499999999,301,23
2,7,0.432812,0.57222255,0.451562,0.6611114499999999,401,23
2,7,0.432812,0.57222255,0.451562,0.6611114499999999,501,23
2,7,0.432812,0.57222255,0.451562,0.6611114499999999,601,23
2,7,0.432812,0.57222255,0.451562,0.6611114499999999,701,23
2,7,0.2140625,0.566666,0.3718754999999999,0.997222,1,31
2,7,0.2140625,0.566666,0.3718754999999999,0.997222,101,31
2,7,0.2140625,0.566666,0.3718754999999999,0.997222,201,31
2,7,0.2140625,0.566666,0.3718754999999999,0.997222,301,31
2,7,0.2140625,0.566666,0.3718754999999999,0.997222,401,31
2,7,0.2140625,0.566666,0.3718754999999999,0.997222,501,31
2,7,0.2140625,0.566666,0.3718754999999999,0.997222,601,31
2,7,0.2140625,0.566666,0.3718754999999999,0.997222,701,31
2,7,0.470313,0.591666,0.551563,0.997222,1,15
2,7,0.470313,0.591666,0.551563,0.997222,101,15
2,7,0.470313,0.591666,0.551563,0.997222,201,15
2,7,0.470313,0.591666,0.551563,0.997222,301,15
2,7,0.470313,0.591666,0.551563,0.997222,401,15
2,7,0.470313,0.591666,0.551563,0.997222,501,15
2,7,0.470313,0.591666,0.551563,0.997222,601,15
2,7,0.470313,0.591666,0.551563,0.997222,701,15
3,1,0.478125,0.5361111,0.496875,0.6138889,1,0
3,1,0.478125,0.5361111,0.496875,0.6138889,101,0
3,1,0.478125,0.5361111,0.496875,0.6138889,201,0
3,1,0.478125,0.5361111,0.496875,0.6138889,301,0
3,1,0.478125,0.5361111,0.496875,0.6138889,401,0
3,1,0.478125,0.5361111,0.496875,0.6138889,501,0
3,1,0.478125,0.5361111,0.496875,0.6138889,601,0
3,1,0.478125,0.5361111,0.496875,0.6138889,701,0
3,1,0.38281275,0.530556,0.41562525,0.7,1,1
3,1,0.38281275,0.530556,0.41562525,0.7,101,1
3,1,0.38281275,0.530556,0.41562525,0.7,201,1
3,1,0.38281275,0.530556,0.41562525,0.7,301,1
3,1,0.38281275,0.530556,0.41562525,0.7,401,1
3,1,0.38281275,0.530556,0.41562525,0.7,501,1
3,1,0.38281275,0.530556,0.41562525,0.7,601,1
3,1,0.38281275,0.530556,0.41562525,0.7,701,1
3,1,0.4562502499999999,0.536111,0.47343775,0.611111,1,3
3,1,0.4562502499999999,0.536111,0.47343775,0.611111,101,3
3,1,0.4562502499999999,0.536111,0.47343775,0.611111,201,3
3,1,0.4562502499999999,0.536111,0.47343775,0.611111,301,3
3,1,0.4562502499999999,0.536111,0.47343775,0.611111,401,3
3,1,0.4562502499999999,0.536111,0.47343775,0.611111,501,3
3,1,0.4562502499999999,0.536111,0.47343775,0.611111,601,3
3,1,0.4562502499999999,0.536111,0.47343775,0.611111,701,3
3,1,0.4218752500000001,0.519444,0.45156275,0.6694439999999999,1,1
3,1,0.4218752500000001,0.519444,0.45156275,0.6694439999999999,101,1
3,1,0.4218752500000001,0.519444,0.45156275,0.6694439999999999,201,1
3,1,0.4218752500000001,0.519444,0.45156275,0.6694439999999999,301,1
3,1,0.4218752500000001,0.519444,0.45156275,0.6694439999999999,401,1
3,1,0.4218752500000001,0.519444,0.45156275,0.6694439999999999,501,1
3,1,0.4218752500000001,0.519444,0.45156275,0.6694439999999999,601,1
3,1,0.4218752500000001,0.519444,0.45156275,0.6694439999999999,701,1
3,2,0.4749995,0.5333333499999999,0.4906245,0.61666665,1,4
3,2,0.4749995,0.5333333499999999,0.4906245,0.61666665,101,4
3,2,0.4749995,0.5333333499999999,0.4906245,0.61666665,201,4
3,2,0.4749995,0.5333333499999999,0.4906245,0.61666665,301,4
3,2,0.4749995,0.5333333499999999,0.4906245,0.61666665,401,4
3,2,0.4749995,0.5333333499999999,0.4906245,0.61666665,501,4
3,2,0.4749995,0.5333333499999999,0.4906245,0.61666665,601,4
3,2,0.4749995,0.5333333499999999,0.4906245,0.61666665,701,4
3,2,0.48593775,0.54444465,0.50625025,0.63611135,1,5
3,2,0.48593775,0.54444465,0.50625025,0.63611135,101,5
3,2,0.48593775,0.54444465,0.50625025,0.63611135,201,5
3,2,0.48593775,0.54444465,0.50625025,0.63611135,301,5
3,2,0.48593775,0.54444465,0.50625025,0.63611135,401,5
3,2,0.48593775,0.54444465,0.50625025,0.63611135,501,5
3,2,0.48593775,0.54444465,0.50625025,0.63611135,601,5
3,2,0.48593775,0.54444465,0.50625025,0.63611135,701,5
3,2,0.379687,0.5361104999999999,0.410937,0.7027775,1,6
3,2,0.379687,0.5361104999999999,0.410937,0.7027775,101,6
3,2,0.379687,0.5361104999999999,0.410937,0.7027775,201,6
3,2,0.379687,0.5361104999999999,0.410937,0.7027775,301,6
3,2,0.379687,0.5361104999999999,0.410937,0.7027775,401,6
3,2,0.379687,0.5361104999999999,0.410937,0.7027775,501,6
3,2,0.379687,0.5361104999999999,0.410937,0.7027775,601,6
3,2,0.379687,0.5361104999999999,0.410937,0.7027775,701,6
3,2,0.453125,0.5333332,0.471875,0.6138888,1,3
3,2,0.453125,0.5333332,0.471875,0.6138888,101,3
3,2,0.453125,0.5333332,0.471875,0.6138888,201,3
3,2,0.453125,0.5333332,0.471875,0.6138888,301,3
3,2,0.453125,0.5333332,0.471875,0.6138888,401,3
3,2,0.453125,0.5333332,0.471875,0.6138888,501,3
3,2,0.453125,0.5333332,0.471875,0.6138888,601,3
3,2,0.453125,0.5333332,0.471875,0.6138888,701,3
3,2,0.4218747499999999,0.513889,0.44843725,0.663889,1,1
3,2,0.4218747499999999,0.513889,0.44843725,0.663889,101,1
3,2,0.4218747499999999,0.513889,0.44843725,0.663889,201,1
3,2,0.4218747499999999,0.513889,0.44843725,0.663889,301,1
3,2,0.4218747499999999,0.513889,0.44843725,0.663889,401,1
3,2,0.4218747499999999,0.513889,0.44843725,0.663889,501,1
3,2,0.4218747499999999,0.513889,0.44843725,0.663889,601,1
3,2,0.4218747499999999,0.513889,0.44843725,0.663889,701,1
3,3,0.47812525,0.53333355,0.4953127499999999,0.62222245,1,7
3,3,0.47812525,0.53333355,0.4953127499999999,0.62222245,101,7
3,3,0.47812525,0.53333355,0.4953127499999999,0.62222245,201,7
3,3,0.47812525,0.53333355,0.4953127499999999,0.62222245,301,7
3,3,0.47812525,0.53333355,0.4953127499999999,0.62222245,401,7
3,3,0.47812525,0.53333355,0.4953127499999999,0.62222245,501,7
3,3,0.47812525,0.53333355,0.4953127499999999,0.62222245,601,7
3,3,0.47812525,0.53333355,0.4953127499999999,0.62222245,701,7
3,3,0.5062500000000001,0.541667,0.53125,0.669445,1,8
3,3,0.5062500000000001,0.541667,0.53125,0.669445,101,8
3,3,0.5062500000000001,0.541667,0.53125,0.669445,201,8
3,3,0.5062500000000001,0.541667,0.53125,0.669445,301,8
3,3,0.5062500000000001,0.541667,0.53125,0.669445,401,8
3,3,0.5062500000000001,0.541667,0.53125,0.669445,501,8
3,3,0.5062500000000001,0.541667,0.53125,0.669445,601,8
3,3,0.5062500000000001,0.541667,0.53125,0.669445,701,8
3,3,0.382813,0.5333335,0.4140629999999999,0.6944445,1,6
3,3,0.382813,0.5333335,0.4140629999999999,0.6944445,101,6
3,3,0.382813,0.5333335,0.4140629999999999,0.6944445,201,6
3,3,0.382813,0.5333335,0.4140629999999999,0.6944445,301,6
3,3,0.382813,0.5333335,0.4140629999999999,0.6944445,401,6
3,3,0.382813,0.5333335,0.4140629999999999,0.6944445,501,6
3,3,0.382813,0.5333335,0.4140629999999999,0.6944445,601,6
3,3,0.382813,0.5333335,0.4140629999999999,0.6944445,701,6
3,3,0.45624975,0.53333345,0.4765622499999999,0.6194445500000001,1,3
3,3,0.45624975,0.53333345,0.4765622499999999,0.6194445500000001,101,3
3,3,0.45624975,0.53333345,0.4765622499999999,0.6194445500000001,201,3
3,3,0.45624975,0.53333345,0.4765622499999999,0.6194445500000001,301,3
3,3,0.45624975,0.53333345,0.4765622499999999,0.6194445500000001,401,3
3,3,0.45624975,0.53333345,0.4765622499999999,0.6194445500000001,501,3
3,3,0.45624975,0.53333345,0.4765622499999999,0.6194445500000001,601,3
3,3,0.45624975,0.53333345,0.4765622499999999,0.6194445500000001,701,3
3,3,0.41875025,0.516667,0.44218775,0.661111,1,1
3,3,0.41875025,0.516667,0.44218775,0.661111,101,1
3,3,0.41875025,0.516667,0.44218775,0.661111,201,1
3,3,0.41875025,0.516667,0.44218775,0.661111,301,1
3,3,0.41875025,0.516667,0.44218775,0.661111,401,1
3,3,0.41875025,0.516667,0.44218775,0.661111,501,1
3,3,0.41875025,0.516667,0.44218775,0.661111,601,1
3,3,0.41875025,0.516667,0.44218775,0.661111,701,1
3,4,0.4640627499999999,0.53055545,0.48437525,0.6166665499999999,1,3
3,4,0.4640627499999999,0.53055545,0.48437525,0.6166665499999999,101,3
3,4,0.4640627499999999,0.53055545,0.48437525,0.6166665499999999,201,3
3,4,0.4640627499999999,0.53055545,0.48437525,0.6166665499999999,301,3
3,4,0.4640627499999999,0.53055545,0.48437525,0.6166665499999999,401,3
3,4,0.4640627499999999,0.53055545,0.48437525,0.6166665499999999,501,3
3,4,0.4640627499999999,0.53055545,0.48437525,0.6166665499999999,601,3
3,4,0.4640627499999999,0.53055545,0.48437525,0.6166665499999999,701,3
3,4,0.485937,0.5277775,0.510937,0.6416664999999999,1,7
3,4,0.485937,0.5277775,0.510937,0.6416664999999999,101,7
3,4,0.485937,0.5277775,0.510937,0.6416664999999999,201,7
3,4,0.485937,0.5277775,0.510937,0.6416664999999999,301,7
3,4,0.485937,0.5277775,0.510937,0.6416664999999999,401,7
3,4,0.485937,0.5277775,0.510937,0.6416664999999999,501,7
3,4,0.485937,0.5277775,0.510937,0.6416664999999999,601,7
3,4,0.485937,0.5277775,0.510937,0.6416664999999999,701,7
3,4,0.4234375,0.5138885,0.4453125,0.6527775,1,1
3,4,0.4234375,0.5138885,0.4453125,0.6527775,101,1
3,4,0.4234375,0.5138885,0.4453125,0.6527775,201,1
3,4,0.4234375,0.5138885,0.4453125,0.6527775,301,1
3,4,0.4234375,0.5138885,0.4453125,0.6527775,401,1
3,4,0.4234375,0.5138885,0.4453125,0.6527775,501,1
3,4,0.4234375,0.5138885,0.4453125,0.6527775,601,1
3,4,0.4234375,0.5138885,0.4453125,0.6527775,701,1
3,4,0.4453129999999999,0.5222225500000001,0.464063,0.61111145,1,9
3,4,0.4453129999999999,0.5222225500000001,0.464063,0.61111145,101,9
3,4,0.4453129999999999,0.5222225500000001,0.464063,0.61111145,201,9
3,4,0.4453129999999999,0.5222225500000001,0.464063,0.61111145,301,9
3,4,0.4453129999999999,0.5222225500000001,0.464063,0.61111145,401,9
3,4,0.4453129999999999,0.5222225500000001,0.464063,0.61111145,501,9
3,4,0.4453129999999999,0.5222225500000001,0.464063,0.61111145,601,9
3,4,0.4453129999999999,0.5222225500000001,0.464063,0.61111145,701,9
3,4,0.53437525,0.5416665,0.5703127499999999,0.7249995,1,10
3,4,0.53437525,0.5416665,0.5703127499999999,0.7249995,101,10
3,4,0.53437525,0.5416665,0.5703127499999999,0.7249995,201,10
3,4,0.53437525,0.5416665,0.5703127499999999,0.7249995,301,10
3,4,0.53437525,0.5416665,0.5703127499999999,0.7249995,401,10
3,4,0.53437525,0.5416665,0.5703127499999999,0.7249995,501,10
3,4,0.53437525,0.5416665,0.5703127499999999,0.7249995,601,10
3,4,0.53437525,0.5416665,0.5703127499999999,0.7249995,701,10
3,4,0.3937495,0.516667,0.4281245,0.6888890000000001,1,6
3,4,0.3937495,0.516667,0.4281245,0.6888890000000001,101,6
3,4,0.3937495,0.516667,0.4281245,0.6888890000000001,201,6
3,4,0.3937495,0.516667,0.4281245,0.6888890000000001,301,6
3,4,0.3937495,0.516667,0.4281245,0.6888890000000001,401,6
3,4,0.3937495,0.516667,0.4281245,0.6888890000000001,501,6
3,4,0.3937495,0.516667,0.4281245,0.6888890000000001,601,6
3,4,0.3937495,0.516667,0.4281245,0.6888890000000001,701,6
3,5,0.4328127499999999,0.519445,0.45312525,0.666667,1,1
3,5,0.4328127499999999,0.519445,0.45312525,0.666667,101,1
3,5,0.4328127499999999,0.519445,0.45312525,0.666667,201,1
3,5,0.4328127499999999,0.519445,0.45312525,0.666667,301,1
3,5,0.4328127499999999,0.519445,0.45312525,0.666667,401,1
3,5,0.4328127499999999,0.519445,0.45312525,0.666667,501,1
3,5,0.4328127499999999,0.519445,0.45312525,0.666667,601,1
3,5,0.4328127499999999,0.519445,0.45312525,0.666667,701,1
3,5,0.47500025,0.5416671,0.4921877500000001,0.6194449,1,3
3,5,0.47500025,0.5416671,0.4921877500000001,0.6194449,101,3
3,5,0.47500025,0.5416671,0.4921877500000001,0.6194449,201,3
3,5,0.47500025,0.5416671,0.4921877500000001,0.6194449,301,3
3,5,0.47500025,0.5416671,0.4921877500000001,0.6194449,401,3
3,5,0.47500025,0.5416671,0.4921877500000001,0.6194449,501,3
3,5,0.47500025,0.5416671,0.4921877500000001,0.6194449,601,3
3,5,0.47500025,0.5416671,0.4921877500000001,0.6194449,701,3
3,5,0.4062497499999999,0.5277775,0.43906225,0.6888885,1,6
3,5,0.4062497499999999,0.5277775,0.43906225,0.6888885,101,6
3,5,0.4062497499999999,0.5277775,0.43906225,0.6888885,201,6
3,5,0.4062497499999999,0.5277775,0.43906225,0.6888885,301,6
3,5,0.4062497499999999,0.5277775,0.43906225,0.6888885,401,6
3,5,0.4062497499999999,0.5277775,0.43906225,0.6888885,501,6
3,5,0.4062497499999999,0.5277775,0.43906225,0.6888885,601,6
3,5,0.4062497499999999,0.5277775,0.43906225,0.6888885,701,6
3,5,0.501562,0.522222,0.539062,0.6944440000000001,1,11
3,5,0.501562,0.522222,0.539062,0.6944440000000001,101,11
3,5,0.501562,0.522222,0.539062,0.6944440000000001,201,11
3,5,0.501562,0.522222,0.539062,0.6944440000000001,301,11
3,5,0.501562,0.522222,0.539062,0.6944440000000001,401,11
3,5,0.501562,0.522222,0.539062,0.6944440000000001,501,11
3,5,0.501562,0.522222,0.539062,0.6944440000000001,601,11
3,5,0.501562,0.522222,0.539062,0.6944440000000001,701,11
3,5,0.5968749999999999,0.538889,0.678125,0.911111,1,12
3,5,0.5968749999999999,0.538889,0.678125,0.911111,101,12
3,5,0.5968749999999999,0.538889,0.678125,0.911111,201,12
3,5,0.5968749999999999,0.538889,0.678125,0.911111,301,12
3,5,0.5968749999999999,0.538889,0.678125,0.911111,401,12
3,5,0.5968749999999999,0.538889,0.678125,0.911111,501,12
3,5,0.5968749999999999,0.538889,0.678125,0.911111,601,12
3,5,0.5968749999999999,0.538889,0.678125,0.911111,701,12
3,6,0.42968775,0.5277775,0.46250025,0.6861105000000001,1,6
3,6,0.42968775,0.5277775,0.46250025,0.6861105000000001,101,6
3,6,0.42968775,0.5277775,0.46250025,0.6861105000000001,201,6
3,6,0.42968775,0.5277775,0.46250025,0.6861105000000001,301,6
3,6,0.42968775,0.5277775,0.46250025,0.6861105000000001,401,6
3,6,0.42968775,0.5277775,0.46250025,0.6861105000000001,501,6
3,6,0.42968775,0.5277775,0.46250025,0.6861105000000001,601,6
3,6,0.42968775,0.5277775,0.46250025,0.6861105000000001,701,6
3,6,0.482813,0.5444441,0.501563,0.6222219,1,3
3,6,0.482813,0.5444441,0.501563,0.6222219,101,3
3,6,0.482813,0.5444441,0.501563,0.6222219,201,3
3,6,0.482813,0.5444441,0.501563,0.6222219,301,3
3,6,0.482813,0.5444441,0.501563,0.6222219,401,3
3,6,0.482813,0.5444441,0.501563,0.6222219,501,3
3,6,0.482813,0.5444441,0.501563,0.6222219,601,3
3,6,0.482813,0.5444441,0.501563,0.6222219,701,3
3,6,0.53437525,0.5222224999999999,0.58906275,0.7638895,1,13
3,6,0.53437525,0.5222224999999999,0.58906275,0.7638895,101,13
3,6,0.53437525,0.5222224999999999,0.58906275,0.7638895,201,13
3,6,0.53437525,0.5222224999999999,0.58906275,0.7638895,301,13
3,6,0.53437525,0.5222224999999999,0.58906275,0.7638895,401,13
3,6,0.53437525,0.5222224999999999,0.58906275,0.7638895,501,13
3,6,0.53437525,0.5222224999999999,0.58906275,0.7638895,601,13
3,6,0.53437525,0.5222224999999999,0.58906275,0.7638895,701,13
3,7,0.48125025,0.5555557999999999,0.49843775,0.6250002,1,3
3,7,0.48125025,0.5555557999999999,0.49843775,0.6250002,101,3
3,7,0.48125025,0.5555557999999999,0.49843775,0.6250002,201,3
3,7,0.48125025,0.5555557999999999,0.49843775,0.6250002,301,3
3,7,0.48125025,0.5555557999999999,0.49843775,0.6250002,401,3
3,7,0.48125025,0.5555557999999999,0.49843775,0.6250002,501,3
3,7,0.48125025,0.5555557999999999,0.49843775,0.6250002,601,3
3,7,0.48125025,0.5555557999999999,0.49843775,0.6250002,701,3
3,7,0.44531275,0.5333335,0.4718752499999999,0.6666664999999999,1,6
3,7,0.44531275,0.5333335,0.4718752499999999,0.6666664999999999,101,6
3,7,0.44531275,0.5333335,0.4718752499999999,0.6666664999999999,201,6
3,7,0.44531275,0.5333335,0.4718752499999999,0.6666664999999999,301,6
3,7,0.44531275,0.5333335,0.4718752499999999,0.6666664999999999,401,6
3,7,0.44531275,0.5333335,0.4718752499999999,0.6666664999999999,501,6
3,7,0.44531275,0.5333335,0.4718752499999999,0.6666664999999999,601,6
3,7,0.44531275,0.5333335,0.4718752499999999,0.6666664999999999,701,6
3,7,0.65156225,0.513889,0.7437497500000001,0.983333,1,14
3,7,0.65156225,0.513889,0.7437497500000001,0.983333,101,14
3,7,0.65156225,0.513889,0.7437497500000001,0.983333,201,14
3,7,0.65156225,0.513889,0.7437497500000001,0.983333,301,14
3,7,0.65156225,0.513889,0.7437497500000001,0.983333,401,14
3,7,0.65156225,0.513889,0.7437497500000001,0.983333,501,14
3,7,0.65156225,0.513889,0.7437497500000001,0.983333,601,14
3,7,0.65156225,0.513889,0.7437497500000001,0.983333,701,14
