1,1,0.91093775,0.591667,0.93125025,0.666667,0,0
1,1,0.91093775,0.591667,0.93125025,0.666667,6,0
1,1,0.91093775,0.591667,0.93125025,0.666667,11,0
1,1,0.91093775,0.591667,0.93125025,0.666667,17,0
1,1,0.91093775,0.591667,0.93125025,0.666667,24,0
1,1,0.91093775,0.591667,0.93125025,0.666667,31,0
1,1,0.91093775,0.591667,0.93125025,0.666667,38,0
1,1,0.91093775,0.591667,0.93125025,0.666667,44,0
1,1,0.52499975,0.608333,0.55156225,0.7388889999999999,0,1
1,1,0.52499975,0.608333,0.55156225,0.7388889999999999,6,1
1,1,0.52499975,0.608333,0.55156225,0.7388889999999999,11,1
1,1,0.52499975,0.608333,0.55156225,0.7388889999999999,17,1
1,1,0.52499975,0.608333,0.55156225,0.7388889999999999,24,1
1,1,0.52499975,0.608333,0.55156225,0.7388889999999999,31,1
1,1,0.52499975,0.608333,0.55156225,0.7388889999999999,38,1
1,1,0.52499975,0.608333,0.55156225,0.7388889999999999,44,1
1,1,0.7781247499999999,0.6222222000000001,0.79218725,0.6777778,0,5
1,1,0.7781247499999999,0.6222222000000001,0.79218725,0.6777778,6,5
1,1,0.7781247499999999,0.6222222000000001,0.79218725,0.6777778,11,5
1,1,0.7781247499999999,0.6222222000000001,0.79218725,0.6777778,17,5
1,1,0.7781247499999999,0.6222222000000001,0.79218725,0.6777778,24,5
1,1,0.7781247499999999,0.6222222000000001,0.79218725,0.6777778,31,5
1,1,0.7781247499999999,0.6222222000000001,0.79218725,0.6777778,38,5
1,1,0.7781247499999999,0.6222222000000001,0.79218725,0.6777778,44,5
1,1,0.442187,0.5972219,0.460937,0.6944441,0,6
1,1,0.442187,0.5972219,0.460937,0.6944441,6,6
1,1,0.442187,0.5972219,0.460937,0.6944441,11,6
1,1,0.442187,0.5972219,0.460937,0.6944441,17,6
1,1,0.442187,0.5972219,0.460937,0.6944441,24,6
1,1,0.442187,0.5972219,0.460937,0.6944441,31,6
1,1,0.442187,0.5972219,0.460937,0.6944441,38,6
1,1,0.442187,0.5972219,0.460937,0.6944441,44,6
1,1,0.148438,0.605555,0.198438,0.8111109999999999,0,7
1,1,0.148438,0.605555,0.198438,0.8111109999999999,6,7
1,1,0.148438,0.605555,0.198438,0.8111109999999999,11,7
1,1,0.148438,0.605555,0.198438,0.8111109999999999,17,7
1,1,0.148438,0.605555,0.198438,0.8111109999999999,24,7
1,1,0.148438,0.605555,0.198438,0.8111109999999999,31,7
1,1,0.148438,0.605555,0.198438,0.8111109999999999,38,7
1,1,0.148438,0.605555,0.198438,0.8111109999999999,44,7
1,1,0.5156255,0.647222,0.6203124999999999,0.997222,0,14
1,1,0.5156255,0.647222,0.6203124999999999,0.997222,6,14
1,1,0.5156255,0.647222,0.6203124999999999,0.997222,11,14
1,1,0.5156255,0.647222,0.6203124999999999,0.997222,17,14
1,1,0.5156255,0.647222,0.6203124999999999,0.997222,24,14
1,1,0.5156255,0.647222,0.6203124999999999,0.997222,31,14
1,1,0.5156255,0.647222,0.6203124999999999,0.997222,38,14
1,1,0.5156255,0.647222,0.6203124999999999,0.997222,44,14
1,1,0.0062501999999999,0.605556,0.1578122,1.0,0,15
1,1,0.0062501999999999,0.605556,0.1578122,1.0,6,15
1,1,0.0062501999999999,0.605556,0.1578122,1.0,11,15
1,1,0.0062501999999999,0.605556,0.1578122,1.0,17,15
1,1,0.0062501999999999,0.605556,0.1578122,1.0,24,15
1,1,0.0062501999999999,0.605556,0.1578122,1.0,31,15
1,1,0.0062501999999999,0.605556,0.1578122,1.0,38,15
1,1,0.0062501999999999,0.605556,0.1578122,1.0,44,15
1,1,0.4359375,0.663889,0.5015625,0.938889,0,16
1,1,0.4359375,0.663889,0.5015625,0.938889,6,16
1,1,0.4359375,0.663889,0.5015625,0.938889,11,16
1,1,0.4359375,0.663889,0.5015625,0.938889,17,16
1,1,0.4359375,0.663889,0.5015625,0.938889,24,16
1,1,0.4359375,0.663889,0.5015625,0.938889,31,16
1,1,0.4359375,0.663889,0.5015625,0.938889,38,16
1,1,0.4359375,0.663889,0.5015625,0.938889,44,16
1,1,0.1875005,0.622222,0.2968754999999999,1.0,0,17
1,1,0.1875005,0.622222,0.2968754999999999,1.0,6,17
1,1,0.1875005,0.622222,0.2968754999999999,1.0,11,17
1,1,0.1875005,0.622222,0.2968754999999999,1.0,17,17
1,1,0.1875005,0.622222,0.2968754999999999,1.0,24,17
1,1,0.1875005,0.622222,0.2968754999999999,1.0,31,17
1,1,0.1875005,0.622222,0.2968754999999999,1.0,38,17
1,1,0.1875005,0.622222,0.2968754999999999,1.0,44,17
1,1,0.328125,0.627778,0.378125,0.855556,0,18
1,1,0.328125,0.627778,0.378125,0.855556,6,18
1,1,0.328125,0.627778,0.378125,0.855556,11,18
1,1,0.328125,0.627778,0.378125,0.855556,17,18
1,1,0.328125,0.627778,0.378125,0.855556,24,18
1,1,0.328125,0.627778,0.378125,0.855556,31,18
1,1,0.328125,0.627778,0.378125,0.855556,38,18
1,1,0.328125,0.627778,0.378125,0.855556,44,18
1,1,0.7859375,0.666666,0.9625005,0.997222,0,19
1,1,0.7859375,0.666666,0.9625005,0.997222,6,19
1,1,0.7859375,0.666666,0.9625005,0.997222,11,19
1,1,0.7859375,0.666666,0.9625005,0.997222,17,19
1,1,0.7859375,0.666666,0.9625005,0.997222,24,19
1,1,0.7859375,0.666666,0.9625005,0.997222,31,19
1,1,0.7859375,0.666666,0.9625005,0.997222,38,19
1,1,0.7859375,0.666666,0.9625005,0.997222,44,19
1,1,0.373437,0.6,0.417187,0.830556,0,20
1,1,0.373437,0.6,0.417187,0.830556,6,20
1,1,0.373437,0.6,0.417187,0.830556,11,20
1,1,0.373437,0.6,0.417187,0.830556,17,20
1,1,0.373437,0.6,0.417187,0.830556,24,20
1,1,0.373437,0.6,0.417187,0.830556,31,20
1,1,0.373437,0.6,0.417187,0.830556,38,20
1,1,0.373437,0.6,0.417187,0.830556,44,20
1,1,0.6000000000000001,0.6,0.78125,0.994444,0,21
1,1,0.6000000000000001,0.6,0.78125,0.994444,6,21
1,1,0.6000000000000001,0.6,0.78125,0.994444,11,21
1,1,0.6000000000000001,0.6,0.78125,0.994444,17,21
1,1,0.6000000000000001,0.6,0.78125,0.994444,24,21
1,1,0.6000000000000001,0.6,0.78125,0.994444,31,21
1,1,0.6000000000000001,0.6,0.78125,0.994444,38,21
1,1,0.6000000000000001,0.6,0.78125,0.994444,44,21
1,2,0.0,0.605556,0.066021125,0.8,0,22
1,2,0.0,0.605556,0.066021125,0.8,6,22
1,2,0.0,0.605556,0.066021125,0.8,11,22
1,2,0.0,0.605556,0.066021125,0.8,17,22
1,2,0.0,0.605556,0.066021125,0.8,25,22
1,2,0.0,0.605556,0.066021125,0.8,31,22
1,2,0.0,0.605556,0.066021125,0.8,39,22
1,2,0.0,0.605556,0.066021125,0.8,45,22
1,2,0.6640627499999999,0.594444,0.67812525,0.6694439999999999,0,23
1,2,0.6640627499999999,0.594444,0.67812525,0.6694439999999999,6,23
1,2,0.6640627499999999,0.594444,0.67812525,0.6694439999999999,11,23
1,2,0.6640627499999999,0.594444,0.67812525,0.6694439999999999,17,23
1,2,0.6640627499999999,0.594444,0.67812525,0.6694439999999999,24,23
1,2,0.6640627499999999,0.594444,0.67812525,0.6694439999999999,31,23
1,2,0.6640627499999999,0.594444,0.67812525,0.6694439999999999,38,23
1,2,0.6640627499999999,0.594444,0.67812525,0.6694439999999999,44,23
1,2,0.692188,0.6138892,0.704688,0.6694448,0,24
1,2,0.692188,0.6138892,0.704688,0.6694448,6,24
1,2,0.692188,0.6138892,0.704688,0.6694448,11,24
1,2,0.692188,0.6138892,0.704688,0.6694448,17,24
1,2,0.692188,0.6138892,0.704688,0.6694448,24,24
1,2,0.692188,0.6138892,0.704688,0.6694448,31,24
1,2,0.692188,0.6138892,0.704688,0.6694448,38,24
1,2,0.692188,0.6138892,0.704688,0.6694448,44,24
1,2,0.64062475,0.5972219000000001,0.65468725,0.6694441,0,25
1,2,0.64062475,0.5972219000000001,0.65468725,0.6694441,6,25
1,2,0.64062475,0.5972219000000001,0.65468725,0.6694441,11,25
1,2,0.64062475,0.5972219000000001,0.65468725,0.6694441,17,25
1,2,0.64062475,0.5972219000000001,0.65468725,0.6694441,24,25
1,2,0.64062475,0.5972219000000001,0.65468725,0.6694441,31,25
1,2,0.64062475,0.5972219000000001,0.65468725,0.6694441,38,25
1,2,0.64062475,0.5972219000000001,0.65468725,0.6694441,44,25
1,2,0.05156255,0.6166665,0.12187505,0.9027775,0,26
1,2,0.05156255,0.6166665,0.12187505,0.9027775,6,26
1,2,0.05156255,0.6166665,0.12187505,0.9027775,11,26
1,2,0.05156255,0.6166665,0.12187505,0.9027775,17,26
1,2,0.05156255,0.6166665,0.12187505,0.9027775,24,26
1,2,0.05156255,0.6166665,0.12187505,0.9027775,31,26
1,2,0.05156255,0.6166665,0.12187505,0.9027775,38,26
1,2,0.05156255,0.6166665,0.12187505,0.9027775,44,26
1,2,0.71406275,0.60277745,0.7281252500000001,0.66388855,0,27
1,2,0.71406275,0.60277745,0.7281252500000001,0.66388855,6,27
1,2,0.71406275,0.60277745,0.7281252500000001,0.66388855,11,27
1,2,0.71406275,0.60277745,0.7281252500000001,0.66388855,17,27
1,2,0.71406275,0.60277745,0.7281252500000001,0.66388855,24,27
1,2,0.71406275,0.60277745,0.7281252500000001,0.66388855,31,27
1,2,0.71406275,0.60277745,0.7281252500000001,0.66388855,38,27
1,2,0.71406275,0.60277745,0.7281252500000001,0.66388855,44,27
1,2,0.07656275,0.6194439999999999,0.14687525,0.947222,0,16
1,2,0.07656275,0.6194439999999999,0.14687525,0.947222,6,16
1,2,0.07656275,0.6194439999999999,0.14687525,0.947222,11,16
1,2,0.07656275,0.6194439999999999,0.14687525,0.947222,17,16
1,2,0.07656275,0.6194439999999999,0.14687525,0.947222,24,16
1,2,0.07656275,0.6194439999999999,0.14687525,0.947222,31,16
1,2,0.07656275,0.6194439999999999,0.14687525,0.947222,38,16
1,2,0.07656275,0.6194439999999999,0.14687525,0.947222,44,16
1,2,0.4249995,0.6027775000000001,0.4468745,0.7166665,0,28
1,2,0.4249995,0.6027775000000001,0.4468745,0.7166665,6,28
1,2,0.4249995,0.6027775000000001,0.4468745,0.7166665,11,28
1,2,0.4249995,0.6027775000000001,0.4468745,0.7166665,17,28
1,2,0.4249995,0.6027775000000001,0.4468745,0.7166665,24,28
1,2,0.4249995,0.6027775000000001,0.4468745,0.7166665,31,28
1,2,0.4249995,0.6027775000000001,0.4468745,0.7166665,38,28
1,2,0.4249995,0.6027775000000001,0.4468745,0.7166665,44,28
1,2,0.19531275,0.6194442,0.21562525,0.6999998000000001,0,29
1,2,0.19531275,0.6194442,0.21562525,0.6999998000000001,6,29
1,2,0.19531275,0.6194442,0.21562525,0.6999998000000001,11,29
1,2,0.19531275,0.6194442,0.21562525,0.6999998000000001,17,29
1,2,0.19531275,0.6194442,0.21562525,0.6999998000000001,24,29
1,2,0.19531275,0.6194442,0.21562525,0.6999998000000001,31,29
1,2,0.19531275,0.6194442,0.21562525,0.6999998000000001,38,29
1,2,0.19531275,0.6194442,0.21562525,0.6999998000000001,44,29
1,2,0.3796875,0.605555,0.4203125,0.886111,0,30
1,2,0.3796875,0.605555,0.4203125,0.886111,6,30
1,2,0.3796875,0.605555,0.4203125,0.886111,11,30
1,2,0.3796875,0.605555,0.4203125,0.886111,17,30
1,2,0.3796875,0.605555,0.4203125,0.886111,24,30
1,2,0.3796875,0.605555,0.4203125,0.886111,31,30
1,2,0.3796875,0.605555,0.4203125,0.886111,38,30
1,2,0.3796875,0.605555,0.4203125,0.886111,44,30
1,2,0.0921874999999999,0.6333335,0.2500005,0.9944445,0,31
1,2,0.0921874999999999,0.6333335,0.2500005,0.9944445,6,31
1,2,0.0921874999999999,0.6333335,0.2500005,0.9944445,11,31
1,2,0.0921874999999999,0.6333335,0.2500005,0.9944445,17,31
1,2,0.0921874999999999,0.6333335,0.2500005,0.9944445,24,31
1,2,0.0921874999999999,0.6333335,0.2500005,0.9944445,31,31
1,2,0.0921874999999999,0.6333335,0.2500005,0.9944445,38,31
1,2,0.0921874999999999,0.6333335,0.2500005,0.9944445,44,31
1,2,0.5250002500000001,0.6333329999999999,0.56093775,0.838889,0,32
1,2,0.5250002500000001,0.6333329999999999,0.56093775,0.838889,6,32
1,2,0.5250002500000001,0.6333329999999999,0.56093775,0.838889,11,32
1,2,0.5250002500000001,0.6333329999999999,0.56093775,0.838889,17,32
1,2,0.5250002500000001,0.6333329999999999,0.56093775,0.838889,24,32
1,2,0.5250002500000001,0.6333329999999999,0.56093775,0.838889,31,32
1,2,0.5250002500000001,0.6333329999999999,0.56093775,0.838889,38,32
1,2,0.5250002500000001,0.6333329999999999,0.56093775,0.838889,44,32
1,2,0.2468754999999999,0.6250005000000001,0.3062505,0.8611114999999999,0,33
1,2,0.2468754999999999,0.6250005000000001,0.3062505,0.8611114999999999,6,33
1,2,0.2468754999999999,0.6250005000000001,0.3062505,0.8611114999999999,11,33
1,2,0.2468754999999999,0.6250005000000001,0.3062505,0.8611114999999999,17,33
1,2,0.2468754999999999,0.6250005000000001,0.3062505,0.8611114999999999,24,33
1,2,0.2468754999999999,0.6250005000000001,0.3062505,0.8611114999999999,31,33
1,2,0.2468754999999999,0.6250005000000001,0.3062505,0.8611114999999999,38,33
1,2,0.2468754999999999,0.6250005000000001,0.3062505,0.8611114999999999,44,33
1,2,0.44062475,0.658333,0.50468725,0.938889,0,34
1,2,0.44062475,0.658333,0.50468725,0.938889,6,34
1,2,0.44062475,0.658333,0.50468725,0.938889,11,34
1,2,0.44062475,0.658333,0.50468725,0.938889,17,34
1,2,0.44062475,0.658333,0.50468725,0.938889,24,34
1,2,0.44062475,0.658333,0.50468725,0.938889,31,34
1,2,0.44062475,0.658333,0.50468725,0.938889,38,34
1,2,0.44062475,0.658333,0.50468725,0.938889,44,34
1,2,0.33281275,0.6333329999999999,0.40312525,0.933333,0,15
1,2,0.33281275,0.6333329999999999,0.40312525,0.933333,6,15
1,2,0.33281275,0.6333329999999999,0.40312525,0.933333,11,15
1,2,0.33281275,0.6333329999999999,0.40312525,0.933333,17,15
1,2,0.33281275,0.6333329999999999,0.40312525,0.933333,24,15
1,2,0.33281275,0.6333329999999999,0.40312525,0.933333,31,15
1,2,0.33281275,0.6333329999999999,0.40312525,0.933333,38,15
1,2,0.33281275,0.6333329999999999,0.40312525,0.933333,44,15
1,2,0.54218775,0.619445,0.6250002499999999,0.938889,0,14
1,2,0.54218775,0.619445,0.6250002499999999,0.938889,6,14
1,2,0.54218775,0.619445,0.6250002499999999,0.938889,11,14
1,2,0.54218775,0.619445,0.6250002499999999,0.938889,17,14
1,2,0.54218775,0.619445,0.6250002499999999,0.938889,24,14
1,2,0.54218775,0.619445,0.6250002499999999,0.938889,31,14
1,2,0.54218775,0.619445,0.6250002499999999,0.938889,38,14
1,2,0.54218775,0.619445,0.6250002499999999,0.938889,44,14
1,2,0.8088028125,0.6767218333333334,0.9478648125,0.9850548333333332,0,35
1,2,0.8088028125,0.6767218333333334,0.9478648125,0.9850548333333332,6,35
1,2,0.8088028125,0.6767218333333334,0.9478648125,0.9850548333333332,11,35
1,2,0.8088028125,0.6767218333333334,0.9478648125,0.9850548333333332,17,35
1,2,0.8088028125,0.6767218333333334,0.9478648125,0.9850548333333332,24,35
1,2,0.8088028125,0.6767218333333334,0.9478648125,0.9850548333333332,31,35
1,2,0.8088028125,0.6767218333333334,0.9478648125,0.9850548333333332,38,35
1,2,0.8088028125,0.6767218333333334,0.9478648125,0.9850548333333332,44,35
1,3,0.3703122499999999,0.6194445000000001,0.41249975,0.7833335,0,36
1,3,0.3703122499999999,0.6194445000000001,0.41249975,0.7833335,6,36
1,3,0.3703122499999999,0.6194445000000001,0.41249975,0.7833335,11,36
1,3,0.3703122499999999,0.6194445000000001,0.41249975,0.7833335,17,36
1,3,0.3703122499999999,0.6194445000000001,0.41249975,0.7833335,24,36
1,3,0.3703122499999999,0.6194445000000001,0.41249975,0.7833335,31,36
1,3,0.3703122499999999,0.6194445000000001,0.41249975,0.7833335,38,36
1,3,0.3703122499999999,0.6194445000000001,0.41249975,0.7833335,44,36
1,3,0.6109375,0.60833335,0.6265625,0.6666666499999999,0,37
1,3,0.6109375,0.60833335,0.6265625,0.6666666499999999,6,37
1,3,0.6109375,0.60833335,0.6265625,0.6666666499999999,11,37
1,3,0.6109375,0.60833335,0.6265625,0.6666666499999999,17,37
1,3,0.6109375,0.60833335,0.6265625,0.6666666499999999,24,37
1,3,0.6109375,0.60833335,0.6265625,0.6666666499999999,31,37
1,3,0.6109375,0.60833335,0.6265625,0.6666666499999999,38,37
1,3,0.6109375,0.60833335,0.6265625,0.6666666499999999,44,37
1,3,0.7843755,0.605556,0.8000005,0.6805559999999999,0,5
1,3,0.7843755,0.605556,0.8000005,0.6805559999999999,6,5
1,3,0.7843755,0.605556,0.8000005,0.6805559999999999,11,5
1,3,0.7843755,0.605556,0.8000005,0.6805559999999999,17,5
1,3,0.7843755,0.605556,0.8000005,0.6805559999999999,24,5
1,3,0.7843755,0.605556,0.8000005,0.6805559999999999,31,5
1,3,0.7843755,0.605556,0.8000005,0.6805559999999999,38,5
1,3,0.7843755,0.605556,0.8000005,0.6805559999999999,44,5
1,3,0.92187525,0.5944448,0.94531275,0.6888892,0,38
1,3,0.92187525,0.5944448,0.94531275,0.6888892,6,38
1,3,0.92187525,0.5944448,0.94531275,0.6888892,11,38
1,3,0.92187525,0.5944448,0.94531275,0.6888892,17,38
1,3,0.92187525,0.5944448,0.94531275,0.6888892,24,38
1,3,0.92187525,0.5944448,0.94531275,0.6888892,31,38
1,3,0.92187525,0.5944448,0.94531275,0.6888892,38,38
1,3,0.92187525,0.5944448,0.94531275,0.6888892,44,38
1,3,0.053125,0.613889,0.1125,0.908333,0,39
1,3,0.053125,0.613889,0.1125,0.908333,6,39
1,3,0.053125,0.613889,0.1125,0.908333,11,39
1,3,0.053125,0.613889,0.1125,0.908333,17,39
1,3,0.053125,0.613889,0.1125,0.908333,24,39
1,3,0.053125,0.613889,0.1125,0.908333,31,39
1,3,0.053125,0.613889,0.1125,0.908333,38,39
1,3,0.053125,0.613889,0.1125,0.908333,44,39
1,3,0.0,0.6055554999999999,0.025,0.8138885,0,40
1,3,0.0,0.6055554999999999,0.025,0.8138885,6,40
1,3,0.0,0.6055554999999999,0.025,0.8138885,11,40
1,3,0.0,0.6055554999999999,0.025,0.8138885,17,40
1,3,0.0,0.6055554999999999,0.025,0.8138885,24,40
1,3,0.0,0.6055554999999999,0.025,0.8138885,31,40
1,3,0.0,0.6055554999999999,0.025,0.8138885,38,40
1,3,0.0,0.6055554999999999,0.025,0.8138885,44,40
1,3,0.197975609375,0.6194441111111111,0.215163109375,0.6972219166666667,0,41
1,3,0.197975609375,0.6194441111111111,0.215163109375,0.6972219166666667,6,41
1,3,0.197975609375,0.6194441111111111,0.215163109375,0.6972219166666667,11,41
1,3,0.197975609375,0.6194441111111111,0.215163109375,0.6972219166666667,17,41
1,3,0.197975609375,0.6194441111111111,0.215163109375,0.6972219166666667,24,41
1,3,0.197975609375,0.6194441111111111,0.215163109375,0.6972219166666667,31,41
1,3,0.197975609375,0.6194441111111111,0.215163109375,0.6972219166666667,38,41
1,3,0.197975609375,0.6194441111111111,0.215163109375,0.6972219166666667,44,41
1,3,0.52656225,0.638889,0.56249975,0.8416669999999999,0,42
1,3,0.52656225,0.638889,0.56249975,0.8416669999999999,6,42
1,3,0.52656225,0.638889,0.56249975,0.8416669999999999,11,42
1,3,0.52656225,0.638889,0.56249975,0.8416669999999999,17,42
1,3,0.52656225,0.638889,0.56249975,0.8416669999999999,24,42
1,3,0.52656225,0.638889,0.56249975,0.8416669999999999,31,42
1,3,0.52656225,0.638889,0.56249975,0.8416669999999999,38,42
1,3,0.52656225,0.638889,0.56249975,0.8416669999999999,44,42
1,3,0.097711265625,0.6444841111111111,0.23503521875,0.9389281111111112,0,43
1,3,0.097711265625,0.6444841111111111,0.23503521875,0.9389281111111112,6,43
1,3,0.097711265625,0.6444841111111111,0.23503521875,0.9389281111111112,11,43
1,3,0.097711265625,0.6444841111111111,0.23503521875,0.9389281111111112,17,43
1,3,0.097711265625,0.6444841111111111,0.23503521875,0.9389281111111112,24,43
1,3,0.097711265625,0.6444841111111111,0.23503521875,0.9389281111111112,31,43
1,3,0.097711265625,0.6444841111111111,0.23503521875,0.9389281111111112,38,43
1,3,0.097711265625,0.6444841111111111,0.23503521875,0.9389281111111112,44,43
1,3,0.446875,0.658333,0.509375,0.936111,0,22
1,3,0.446875,0.658333,0.509375,0.936111,6,22
1,3,0.446875,0.658333,0.509375,0.936111,11,22
1,3,0.446875,0.658333,0.509375,0.936111,17,22
1,3,0.446875,0.658333,0.509375,0.936111,24,22
1,3,0.446875,0.658333,0.509375,0.936111,31,22
1,3,0.446875,0.658333,0.509375,0.936111,38,22
1,3,0.446875,0.658333,0.509375,0.936111,44,22
1,3,0.3046872499999999,0.6194445,0.35312475,0.8305555,0,44
1,3,0.3046872499999999,0.6194445,0.35312475,0.8305555,6,44
1,3,0.3046872499999999,0.6194445,0.35312475,0.8305555,11,44
1,3,0.3046872499999999,0.6194445,0.35312475,0.8305555,17,44
1,3,0.3046872499999999,0.6194445,0.35312475,0.8305555,24,44
1,3,0.3046872499999999,0.6194445,0.35312475,0.8305555,31,44
1,3,0.3046872499999999,0.6194445,0.35312475,0.8305555,38,44
1,3,0.3046872499999999,0.6194445,0.35312475,0.8305555,44,44
1,3,0.38593775,0.6388895,0.46875025,0.9972225,0,15
1,3,0.38593775,0.6388895,0.46875025,0.9972225,6,15
1,3,0.38593775,0.6388895,0.46875025,0.9972225,11,15
1,3,0.38593775,0.6388895,0.46875025,0.9972225,17,15
1,3,0.38593775,0.6388895,0.46875025,0.9972225,24,15
1,3,0.38593775,0.6388895,0.46875025,0.9972225,31,15
1,3,0.38593775,0.6388895,0.46875025,0.9972225,38,15
1,3,0.38593775,0.6388895,0.46875025,0.9972225,44,15
1,3,0.54843775,0.613889,0.61875025,0.938889,0,14
1,3,0.54843775,0.613889,0.61875025,0.938889,6,14
1,3,0.54843775,0.613889,0.61875025,0.938889,11,14
1,3,0.54843775,0.613889,0.61875025,0.938889,17,14
1,3,0.54843775,0.613889,0.61875025,0.938889,24,14
1,3,0.54843775,0.613889,0.61875025,0.938889,31,14
1,3,0.54843775,0.613889,0.61875025,0.938889,38,14
1,3,0.54843775,0.613889,0.61875025,0.938889,44,14
1,4,0.604687,0.5916669,0.6171869999999999,0.6638890999999999,0,45
1,4,0.604687,0.5916669,0.6171869999999999,0.6638890999999999,6,45
1,4,0.604687,0.5916669,0.6171869999999999,0.6638890999999999,11,45
1,4,0.604687,0.5916669,0.6171869999999999,0.6638890999999999,17,45
1,4,0.604687,0.5916669,0.6171869999999999,0.6638890999999999,24,45
1,4,0.604687,0.5916669,0.6171869999999999,0.6638890999999999,31,45
1,4,0.604687,0.5916669,0.6171869999999999,0.6638890999999999,38,45
1,4,0.604687,0.5916669,0.6171869999999999,0.6638890999999999,44,45
1,4,0.94375025,0.5972224500000001,0.96093775,0.68333355,0,46
1,4,0.94375025,0.5972224500000001,0.96093775,0.68333355,6,46
1,4,0.94375025,0.5972224500000001,0.96093775,0.68333355,11,46
1,4,0.94375025,0.5972224500000001,0.96093775,0.68333355,17,46
1,4,0.94375025,0.5972224500000001,0.96093775,0.68333355,24,46
1,4,0.94375025,0.5972224500000001,0.96093775,0.68333355,31,46
1,4,0.94375025,0.5972224500000001,0.96093775,0.68333355,38,46
1,4,0.94375025,0.5972224500000001,0.96093775,0.68333355,44,46
1,4,0.4468755,0.6777775,0.4812504999999999,0.9416665,0,47
1,4,0.4468755,0.6777775,0.4812504999999999,0.9416665,6,47
1,4,0.4468755,0.6777775,0.4812504999999999,0.9416665,11,47
1,4,0.4468755,0.6777775,0.4812504999999999,0.9416665,17,47
1,4,0.4468755,0.6777775,0.4812504999999999,0.9416665,24,47
1,4,0.4468755,0.6777775,0.4812504999999999,0.9416665,31,47
1,4,0.4468755,0.6777775,0.4812504999999999,0.9416665,38,47
1,4,0.4468755,0.6777775,0.4812504999999999,0.9416665,44,47
1,4,0.6125005,0.5972217999999999,0.6281255,0.6666662,0,48
1,4,0.6125005,0.5972217999999999,0.6281255,0.6666662,6,48
1,4,0.6125005,0.5972217999999999,0.6281255,0.6666662,11,48
1,4,0.6125005,0.5972217999999999,0.6281255,0.6666662,17,48
1,4,0.6125005,0.5972217999999999,0.6281255,0.6666662,24,48
1,4,0.6125005,0.5972217999999999,0.6281255,0.6666662,31,48
1,4,0.6125005,0.5972217999999999,0.6281255,0.6666662,38,48
1,4,0.6125005,0.5972217999999999,0.6281255,0.6666662,44,48
1,4,0.9875,0.5777779000000001,1.0,0.6500001,0,49
1,4,0.9875,0.5777779000000001,1.0,0.6500001,6,49
1,4,0.9875,0.5777779000000001,1.0,0.6500001,11,49
1,4,0.9875,0.5777779000000001,1.0,0.6500001,17,49
1,4,0.9875,0.5777779000000001,1.0,0.6500001,24,49
1,4,0.9875,0.5777779000000001,1.0,0.6500001,31,49
1,4,0.9875,0.5777779000000001,1.0,0.6500001,38,49
1,4,0.9875,0.5777779000000001,1.0,0.6500001,44,49
1,4,0.0,0.605556,0.028125,0.8055559999999999,0,32
1,4,0.0,0.605556,0.028125,0.8055559999999999,6,32
1,4,0.0,0.605556,0.028125,0.8055559999999999,11,32
1,4,0.0,0.605556,0.028125,0.8055559999999999,17,32
1,4,0.0,0.605556,0.028125,0.8055559999999999,24,32
1,4,0.0,0.605556,0.028125,0.8055559999999999,31,32
1,4,0.0,0.605556,0.028125,0.8055559999999999,38,32
1,4,0.0,0.605556,0.028125,0.8055559999999999,44,32
1,4,0.6640625,0.591667,0.6796875,0.666667,0,50
1,4,0.6640625,0.591667,0.6796875,0.666667,6,50
1,4,0.6640625,0.591667,0.6796875,0.666667,11,50
1,4,0.6640625,0.591667,0.6796875,0.666667,17,50
1,4,0.6640625,0.591667,0.6796875,0.666667,24,50
1,4,0.6640625,0.591667,0.6796875,0.666667,31,50
1,4,0.6640625,0.591667,0.6796875,0.666667,38,50
1,4,0.6640625,0.591667,0.6796875,0.666667,44,50
1,4,0.6453125,0.5916671,0.6609375,0.6694449,0,51
1,4,0.6453125,0.5916671,0.6609375,0.6694449,6,51
1,4,0.6453125,0.5916671,0.6609375,0.6694449,11,51
1,4,0.6453125,0.5916671,0.6609375,0.6694449,17,51
1,4,0.6453125,0.5916671,0.6609375,0.6694449,24,51
1,4,0.6453125,0.5916671,0.6609375,0.6694449,31,51
1,4,0.6453125,0.5916671,0.6609375,0.6694449,38,51
1,4,0.6453125,0.5916671,0.6609375,0.6694449,44,51
1,4,0.728125,0.6027776499999999,0.740625,0.66944435,0,52
1,4,0.728125,0.6027776499999999,0.740625,0.66944435,6,52
1,4,0.728125,0.6027776499999999,0.740625,0.66944435,11,52
1,4,0.728125,0.6027776499999999,0.740625,0.66944435,17,52
1,4,0.728125,0.6027776499999999,0.740625,0.66944435,24,52
1,4,0.728125,0.6027776499999999,0.740625,0.66944435,31,52
1,4,0.728125,0.6027776499999999,0.740625,0.66944435,38,52
1,4,0.728125,0.6027776499999999,0.740625,0.66944435,44,52
1,4,0.06562525,0.6083335,0.15156275,0.8444444999999998,0,16
1,4,0.06562525,0.6083335,0.15156275,0.8444444999999998,6,16
1,4,0.06562525,0.6083335,0.15156275,0.8444444999999998,11,16
1,4,0.06562525,0.6083335,0.15156275,0.8444444999999998,17,16
1,4,0.06562525,0.6083335,0.15156275,0.8444444999999998,24,16
1,4,0.06562525,0.6083335,0.15156275,0.8444444999999998,31,16
1,4,0.06562525,0.6083335,0.15156275,0.8444444999999998,38,16
1,4,0.06562525,0.6083335,0.15156275,0.8444444999999998,44,16
1,4,0.4625,0.6166665,0.525,0.9805555,0,22
1,4,0.4625,0.6166665,0.525,0.9805555,6,22
1,4,0.4625,0.6166665,0.525,0.9805555,11,22
1,4,0.4625,0.6166665,0.525,0.9805555,17,22
1,4,0.4625,0.6166665,0.525,0.9805555,24,22
1,4,0.4625,0.6166665,0.525,0.9805555,31,22
1,4,0.4625,0.6166665,0.525,0.9805555,38,22
1,4,0.4625,0.6166665,0.525,0.9805555,44,22
1,4,0.92968725,0.5944448999999999,0.95312475,0.6916671,0,53
1,4,0.92968725,0.5944448999999999,0.95312475,0.6916671,6,53
1,4,0.92968725,0.5944448999999999,0.95312475,0.6916671,11,53
1,4,0.92968725,0.5944448999999999,0.95312475,0.6916671,17,53
1,4,0.92968725,0.5944448999999999,0.95312475,0.6916671,24,53
1,4,0.92968725,0.5944448999999999,0.95312475,0.6916671,31,53
1,4,0.92968725,0.5944448999999999,0.95312475,0.6916671,38,53
1,4,0.92968725,0.5944448999999999,0.95312475,0.6916671,44,53
1,4,0.49375025,0.647222,0.58593775,0.997222,0,15
1,4,0.49375025,0.647222,0.58593775,0.997222,6,15
1,4,0.49375025,0.647222,0.58593775,0.997222,11,15
1,4,0.49375025,0.647222,0.58593775,0.997222,17,15
1,4,0.49375025,0.647222,0.58593775,0.997222,24,15
1,4,0.49375025,0.647222,0.58593775,0.997222,31,15
1,4,0.49375025,0.647222,0.58593775,0.997222,38,15
1,4,0.49375025,0.647222,0.58593775,0.997222,44,15
1,4,0.5625005000000001,0.6361114999999999,0.6218755,0.9472225,0,14
1,4,0.5625005000000001,0.6361114999999999,0.6218755,0.9472225,6,14
1,4,0.5625005000000001,0.6361114999999999,0.6218755,0.9472225,11,14
1,4,0.5625005000000001,0.6361114999999999,0.6218755,0.9472225,17,14
1,4,0.5625005000000001,0.6361114999999999,0.6218755,0.9472225,24,14
1,4,0.5625005000000001,0.6361114999999999,0.6218755,0.9472225,31,14
1,4,0.5625005000000001,0.6361114999999999,0.6218755,0.9472225,38,14
1,4,0.5625005000000001,0.6361114999999999,0.6218755,0.9472225,44,14
1,4,0.37235915625,0.63536775,0.4700704218749999,0.9968701111111112,0,54
1,4,0.37235915625,0.63536775,0.4700704218749999,0.9968701111111112,6,54
1,4,0.37235915625,0.63536775,0.4700704218749999,0.9968701111111112,11,54
1,4,0.37235915625,0.63536775,0.4700704218749999,0.9968701111111112,17,54
1,4,0.37235915625,0.63536775,0.4700704218749999,0.9968701111111112,24,54
1,4,0.37235915625,0.63536775,0.4700704218749999,0.9968701111111112,31,54
1,4,0.37235915625,0.63536775,0.4700704218749999,0.9968701111111112,38,54
1,4,0.37235915625,0.63536775,0.4700704218749999,0.9968701111111112,44,54
1,4,0.308538234375,0.6230826666666667,0.349163234375,0.8091936666666667,0,55
1,4,0.308538234375,0.6230826666666667,0.349163234375,0.8091936666666667,6,55
1,4,0.308538234375,0.6230826666666667,0.349163234375,0.8091936666666667,11,55
1,4,0.308538234375,0.6230826666666667,0.349163234375,0.8091936666666667,17,55
1,4,0.308538234375,0.6230826666666667,0.349163234375,0.8091936666666667,24,55
1,4,0.308538234375,0.6230826666666667,0.349163234375,0.8091936666666667,31,55
1,4,0.308538234375,0.6230826666666667,0.349163234375,0.8091936666666667,38,55
1,4,0.308538234375,0.6230826666666667,0.349163234375,0.8091936666666667,44,55
1,5,0.9531255,0.5916669,0.9687505,0.6638890999999999,0,56
1,5,0.9531255,0.5916669,0.9687505,0.6638890999999999,6,56
1,5,0.9531255,0.5916669,0.9687505,0.6638890999999999,11,56
1,5,0.9531255,0.5916669,0.9687505,0.6638890999999999,17,56
1,5,0.9531255,0.5916669,0.9687505,0.6638890999999999,24,56
1,5,0.9531255,0.5916669,0.9687505,0.6638890999999999,31,56
1,5,0.9531255,0.5916669,0.9687505,0.6638890999999999,38,56
1,5,0.9531255,0.5916669,0.9687505,0.6638890999999999,44,56
1,5,0.065625,0.625,0.121875,0.902778,0,57
1,5,0.065625,0.625,0.121875,0.902778,6,57
1,5,0.065625,0.625,0.121875,0.902778,11,57
1,5,0.065625,0.625,0.121875,0.902778,17,57
1,5,0.065625,0.625,0.121875,0.902778,24,57
1,5,0.065625,0.625,0.121875,0.902778,31,57
1,5,0.065625,0.625,0.121875,0.902778,38,57
1,5,0.065625,0.625,0.121875,0.902778,44,57
1,5,0.9328125,0.5916669999999999,0.9546875,0.694445,0,38
1,5,0.9328125,0.5916669999999999,0.9546875,0.694445,6,38
1,5,0.9328125,0.5916669999999999,0.9546875,0.694445,11,38
1,5,0.9328125,0.5916669999999999,0.9546875,0.694445,17,38
1,5,0.9328125,0.5916669999999999,0.9546875,0.694445,24,38
1,5,0.9328125,0.5916669999999999,0.9546875,0.694445,31,38
1,5,0.9328125,0.5916669999999999,0.9546875,0.694445,38,38
1,5,0.9328125,0.5916669999999999,0.9546875,0.694445,44,38
1,5,0.104687,0.6250005,0.167187,0.9083335,0,16
1,5,0.104687,0.6250005,0.167187,0.9083335,6,16
1,5,0.104687,0.6250005,0.167187,0.9083335,11,16
1,5,0.104687,0.6250005,0.167187,0.9083335,17,16
1,5,0.104687,0.6250005,0.167187,0.9083335,24,16
1,5,0.104687,0.6250005,0.167187,0.9083335,31,16
1,5,0.104687,0.6250005,0.167187,0.9083335,38,16
1,5,0.104687,0.6250005,0.167187,0.9083335,44,16
1,5,0.53125,0.6472225,0.5687500000000001,0.8388895000000001,0,58
1,5,0.53125,0.6472225,0.5687500000000001,0.8388895000000001,6,58
1,5,0.53125,0.6472225,0.5687500000000001,0.8388895000000001,11,58
1,5,0.53125,0.6472225,0.5687500000000001,0.8388895000000001,17,58
1,5,0.53125,0.6472225,0.5687500000000001,0.8388895000000001,24,58
1,5,0.53125,0.6472225,0.5687500000000001,0.8388895000000001,31,58
1,5,0.53125,0.6472225,0.5687500000000001,0.8388895000000001,38,58
1,5,0.53125,0.6472225,0.5687500000000001,0.8388895000000001,44,58
1,5,0.448437,0.677778,0.504687,0.933334,0,22
1,5,0.448437,0.677778,0.504687,0.933334,6,22
1,5,0.448437,0.677778,0.504687,0.933334,11,22
1,5,0.448437,0.677778,0.504687,0.933334,17,22
1,5,0.448437,0.677778,0.504687,0.933334,24,22
1,5,0.448437,0.677778,0.504687,0.933334,31,22
1,5,0.448437,0.677778,0.504687,0.933334,38,22
1,5,0.448437,0.677778,0.504687,0.933334,44,22
1,5,0.404688,0.6,0.4421879999999999,0.8055559999999999,0,59
1,5,0.404688,0.6,0.4421879999999999,0.8055559999999999,6,59
1,5,0.404688,0.6,0.4421879999999999,0.8055559999999999,11,59
1,5,0.404688,0.6,0.4421879999999999,0.8055559999999999,17,59
1,5,0.404688,0.6,0.4421879999999999,0.8055559999999999,24,59
1,5,0.404688,0.6,0.4421879999999999,0.8055559999999999,31,59
1,5,0.404688,0.6,0.4421879999999999,0.8055559999999999,38,59
1,5,0.404688,0.6,0.4421879999999999,0.8055559999999999,44,59
1,5,0.351563,0.619444,0.389063,0.8,0,60
1,5,0.351563,0.619444,0.389063,0.8,6,60
1,5,0.351563,0.619444,0.389063,0.8,11,60
1,5,0.351563,0.619444,0.389063,0.8,17,60
1,5,0.351563,0.619444,0.389063,0.8,24,60
1,5,0.351563,0.619444,0.389063,0.8,31,60
1,5,0.351563,0.619444,0.389063,0.8,38,60
1,5,0.351563,0.619444,0.389063,0.8,44,60
1,5,0.6906245000000001,0.652778,0.7984375,0.997222,0,61
1,5,0.6906245000000001,0.652778,0.7984375,0.997222,6,61
1,5,0.6906245000000001,0.652778,0.7984375,0.997222,11,61
1,5,0.6906245000000001,0.652778,0.7984375,0.997222,17,61
1,5,0.6906245000000001,0.652778,0.7984375,0.997222,24,61
1,5,0.6906245000000001,0.652778,0.7984375,0.997222,31,61
1,5,0.6906245000000001,0.652778,0.7984375,0.997222,38,61
1,5,0.6906245000000001,0.652778,0.7984375,0.997222,44,61
1,5,0.560938,0.6333335,0.623438,0.9416665,0,14
1,5,0.560938,0.6333335,0.623438,0.9416665,6,14
1,5,0.560938,0.6333335,0.623438,0.9416665,11,14
1,5,0.560938,0.6333335,0.623438,0.9416665,17,14
1,5,0.560938,0.6333335,0.623438,0.9416665,24,14
1,5,0.560938,0.6333335,0.623438,0.9416665,31,14
1,5,0.560938,0.6333335,0.623438,0.9416665,38,14
1,5,0.560938,0.6333335,0.623438,0.9416665,44,14
1,5,0.6249995,0.5944445,0.6968745,0.9861115,0,62
1,5,0.6249995,0.5944445,0.6968745,0.9861115,6,62
1,5,0.6249995,0.5944445,0.6968745,0.9861115,11,62
1,5,0.6249995,0.5944445,0.6968745,0.9861115,17,62
1,5,0.6249995,0.5944445,0.6968745,0.9861115,24,62
1,5,0.6249995,0.5944445,0.6968745,0.9861115,31,62
1,5,0.6249995,0.5944445,0.6968745,0.9861115,38,62
1,5,0.6249995,0.5944445,0.6968745,0.9861115,44,62
1,5,0.05457746875,0.6154544444444444,0.2667253593749999,0.9987874444444446,0,63
1,5,0.05457746875,0.6154544444444444,0.2667253593749999,0.9987874444444446,6,63
1,5,0.05457746875,0.6154544444444444,0.2667253593749999,0.9987874444444446,11,63
1,5,0.05457746875,0.6154544444444444,0.2667253593749999,0.9987874444444446,17,63
1,5,0.05457746875,0.6154544444444444,0.2667253593749999,0.9987874444444446,24,63
1,5,0.05457746875,0.6154544444444444,0.2667253593749999,0.9987874444444446,31,63
1,5,0.05457746875,0.6154544444444444,0.2667253593749999,0.9987874444444446,38,63
1,5,0.05457746875,0.6154544444444444,0.2667253593749999,0.9987874444444446,44,63
1,6,0.6703125,0.6055555499999999,0.6859375,0.66944445,0,64
1,6,0.6703125,0.6055555499999999,0.6859375,0.66944445,6,64
1,6,0.6703125,0.6055555499999999,0.6859375,0.66944445,11,64
1,6,0.6703125,0.6055555499999999,0.6859375,0.66944445,17,64
1,6,0.6703125,0.6055555499999999,0.6859375,0.66944445,24,64
1,6,0.6703125,0.6055555499999999,0.6859375,0.66944445,31,64
1,6,0.6703125,0.6055555499999999,0.6859375,0.66944445,38,64
1,6,0.6703125,0.6055555499999999,0.6859375,0.66944445,44,64
1,6,0.64999975,0.6055555499999999,0.6640622500000001,0.66944445,0,65
1,6,0.64999975,0.6055555499999999,0.6640622500000001,0.66944445,6,65
1,6,0.64999975,0.6055555499999999,0.6640622500000001,0.66944445,11,65
1,6,0.64999975,0.6055555499999999,0.6640622500000001,0.66944445,17,65
1,6,0.64999975,0.6055555499999999,0.6640622500000001,0.66944445,24,65
1,6,0.64999975,0.6055555499999999,0.6640622500000001,0.66944445,31,65
1,6,0.64999975,0.6055555499999999,0.6640622500000001,0.66944445,38,65
1,6,0.64999975,0.6055555499999999,0.6640622500000001,0.66944445,44,65
1,6,0.735938,0.5972217999999999,0.7484379999999999,0.6666662,0,66
1,6,0.735938,0.5972217999999999,0.7484379999999999,0.6666662,6,66
1,6,0.735938,0.5972217999999999,0.7484379999999999,0.6666662,11,66
1,6,0.735938,0.5972217999999999,0.7484379999999999,0.6666662,17,66
1,6,0.735938,0.5972217999999999,0.7484379999999999,0.6666662,24,66
1,6,0.735938,0.5972217999999999,0.7484379999999999,0.6666662,31,66
1,6,0.735938,0.5972217999999999,0.7484379999999999,0.6666662,38,66
1,6,0.735938,0.5972217999999999,0.7484379999999999,0.6666662,44,66
1,6,0.72343725,0.5972219000000001,0.7343747500000001,0.6694441,0,67
1,6,0.72343725,0.5972219000000001,0.7343747500000001,0.6694441,6,67
1,6,0.72343725,0.5972219000000001,0.7343747500000001,0.6694441,11,67
1,6,0.72343725,0.5972219000000001,0.7343747500000001,0.6694441,17,67
1,6,0.72343725,0.5972219000000001,0.7343747500000001,0.6694441,24,67
1,6,0.72343725,0.5972219000000001,0.7343747500000001,0.6694441,31,67
1,6,0.72343725,0.5972219000000001,0.7343747500000001,0.6694441,38,67
1,6,0.72343725,0.5972219000000001,0.7343747500000001,0.6694441,44,67
1,6,0.0,0.677778,0.0109375,0.7777780000000001,0,68
1,6,0.0,0.677778,0.0109375,0.7777780000000001,6,68
1,6,0.0,0.677778,0.0109375,0.7777780000000001,11,68
1,6,0.0,0.677778,0.0109375,0.7777780000000001,17,68
1,6,0.0,0.677778,0.0109375,0.7777780000000001,24,68
1,6,0.0,0.677778,0.0109375,0.7777780000000001,31,68
1,6,0.0,0.677778,0.0109375,0.7777780000000001,38,68
1,6,0.0,0.677778,0.0109375,0.7777780000000001,44,68
1,6,0.115625,0.6166665,0.171875,0.9027775,0,16
1,6,0.115625,0.6166665,0.171875,0.9027775,6,16
1,6,0.115625,0.6166665,0.171875,0.9027775,11,16
1,6,0.115625,0.6166665,0.171875,0.9027775,17,16
1,6,0.115625,0.6166665,0.171875,0.9027775,24,16
1,6,0.115625,0.6166665,0.171875,0.9027775,31,16
1,6,0.115625,0.6166665,0.171875,0.9027775,38,16
1,6,0.115625,0.6166665,0.171875,0.9027775,44,16
1,6,0.35625025,0.6305555,0.3859377499999999,0.7972225,0,39
1,6,0.35625025,0.6305555,0.3859377499999999,0.7972225,6,39
1,6,0.35625025,0.6305555,0.3859377499999999,0.7972225,11,39
1,6,0.35625025,0.6305555,0.3859377499999999,0.7972225,17,39
1,6,0.35625025,0.6305555,0.3859377499999999,0.7972225,24,39
1,6,0.35625025,0.6305555,0.3859377499999999,0.7972225,31,39
1,6,0.35625025,0.6305555,0.3859377499999999,0.7972225,38,39
1,6,0.35625025,0.6305555,0.3859377499999999,0.7972225,44,39
1,6,0.53281225,0.6472225,0.5687497499999999,0.8388895000000001,0,69
1,6,0.53281225,0.6472225,0.5687497499999999,0.8388895000000001,6,69
1,6,0.53281225,0.6472225,0.5687497499999999,0.8388895000000001,11,69
1,6,0.53281225,0.6472225,0.5687497499999999,0.8388895000000001,17,69
1,6,0.53281225,0.6472225,0.5687497499999999,0.8388895000000001,24,69
1,6,0.53281225,0.6472225,0.5687497499999999,0.8388895000000001,31,69
1,6,0.53281225,0.6472225,0.5687497499999999,0.8388895000000001,38,69
1,6,0.53281225,0.6472225,0.5687497499999999,0.8388895000000001,44,69
1,6,0.44374975,0.677778,0.51406225,0.927778,0,22
1,6,0.44374975,0.677778,0.51406225,0.927778,6,22
1,6,0.44374975,0.677778,0.51406225,0.927778,11,22
1,6,0.44374975,0.677778,0.51406225,0.927778,17,22
1,6,0.44374975,0.677778,0.51406225,0.927778,24,22
1,6,0.44374975,0.677778,0.51406225,0.927778,31,22
1,6,0.44374975,0.677778,0.51406225,0.927778,38,22
1,6,0.44374975,0.677778,0.51406225,0.927778,44,22
1,6,0.1963028124999999,0.5833335,0.30545775,0.9233176944444444,0,70
1,6,0.1963028124999999,0.5833335,0.30545775,0.9233176944444444,6,70
1,6,0.1963028124999999,0.5833335,0.30545775,0.9233176944444444,11,70
1,6,0.1963028124999999,0.5833335,0.30545775,0.9233176944444444,17,70
1,6,0.1963028124999999,0.5833335,0.30545775,0.9233176944444444,24,70
1,6,0.1963028124999999,0.5833335,0.30545775,0.9233176944444444,31,70
1,6,0.1963028124999999,0.5833335,0.30545775,0.9233176944444444,38,70
1,6,0.1963028124999999,0.5833335,0.30545775,0.9233176944444444,44,70
1,6,0.396500875,0.5796557222222223,0.449625875,0.8324337222222223,0,71
1,6,0.396500875,0.5796557222222223,0.449625875,0.8324337222222223,6,71
1,6,0.396500875,0.5796557222222223,0.449625875,0.8324337222222223,11,71
1,6,0.396500875,0.5796557222222223,0.449625875,0.8324337222222223,17,71
1,6,0.396500875,0.5796557222222223,0.449625875,0.8324337222222223,24,71
1,6,0.396500875,0.5796557222222223,0.449625875,0.8324337222222223,31,71
1,6,0.396500875,0.5796557222222223,0.449625875,0.8324337222222223,38,71
1,6,0.396500875,0.5796557222222223,0.449625875,0.8324337222222223,44,71
1,6,0.6755721875,0.6465177222222221,0.7990101875,0.988184722222222,0,72
1,6,0.6755721875,0.6465177222222221,0.7990101875,0.988184722222222,6,72
1,6,0.6755721875,0.6465177222222221,0.7990101875,0.988184722222222,11,72
1,6,0.6755721875,0.6465177222222221,0.7990101875,0.988184722222222,17,72
1,6,0.6755721875,0.6465177222222221,0.7990101875,0.988184722222222,24,72
1,6,0.6755721875,0.6465177222222221,0.7990101875,0.988184722222222,31,72
1,6,0.6755721875,0.6465177222222221,0.7990101875,0.988184722222222,38,72
1,6,0.6755721875,0.6465177222222221,0.7990101875,0.988184722222222,44,72
1,6,0.0250002,0.572222,0.1296872,1.0,0,73
1,6,0.0250002,0.572222,0.1296872,1.0,6,73
1,6,0.0250002,0.572222,0.1296872,1.0,11,73
1,6,0.0250002,0.572222,0.1296872,1.0,17,73
1,6,0.0250002,0.572222,0.1296872,1.0,24,73
1,6,0.0250002,0.572222,0.1296872,1.0,31,73
1,6,0.0250002,0.572222,0.1296872,1.0,38,73
1,6,0.0250002,0.572222,0.1296872,1.0,44,73
1,6,0.5625,0.619445,0.625,0.941667,0,14
1,6,0.5625,0.619445,0.625,0.941667,6,14
1,6,0.5625,0.619445,0.625,0.941667,11,14
1,6,0.5625,0.619445,0.625,0.941667,17,14
1,6,0.5625,0.619445,0.625,0.941667,24,14
1,6,0.5625,0.619445,0.625,0.941667,31,14
1,6,0.5625,0.619445,0.625,0.941667,38,14
1,6,0.5625,0.619445,0.625,0.941667,44,14
1,7,0.6234375,0.60277755,0.6390625,0.66666645,0,74
1,7,0.6234375,0.60277755,0.6390625,0.66666645,6,74
1,7,0.6234375,0.60277755,0.6390625,0.66666645,11,74
1,7,0.6234375,0.60277755,0.6390625,0.66666645,17,74
1,7,0.6234375,0.60277755,0.6390625,0.66666645,24,74
1,7,0.6234375,0.60277755,0.6390625,0.66666645,31,74
1,7,0.6234375,0.60277755,0.6390625,0.66666645,38,74
1,7,0.6234375,0.60277755,0.6390625,0.66666645,44,74
1,7,0.671875,0.6055555499999999,0.684375,0.66944445,0,75
1,7,0.671875,0.6055555499999999,0.684375,0.66944445,6,75
1,7,0.671875,0.6055555499999999,0.684375,0.66944445,11,75
1,7,0.671875,0.6055555499999999,0.684375,0.66944445,17,75
1,7,0.671875,0.6055555499999999,0.684375,0.66944445,24,75
1,7,0.671875,0.6055555499999999,0.684375,0.66944445,31,75
1,7,0.671875,0.6055555499999999,0.684375,0.66944445,38,75
1,7,0.671875,0.6055555499999999,0.684375,0.66944445,44,75
1,7,0.73750025,0.6027777999999999,0.74843775,0.6722222,0,38
1,7,0.73750025,0.6027777999999999,0.74843775,0.6722222,6,38
1,7,0.73750025,0.6027777999999999,0.74843775,0.6722222,11,38
1,7,0.73750025,0.6027777999999999,0.74843775,0.6722222,17,38
1,7,0.73750025,0.6027777999999999,0.74843775,0.6722222,24,38
1,7,0.73750025,0.6027777999999999,0.74843775,0.6722222,31,38
1,7,0.73750025,0.6027777999999999,0.74843775,0.6722222,38,38
1,7,0.73750025,0.6027777999999999,0.74843775,0.6722222,44,38
1,7,0.651562,0.6027776499999999,0.6640619999999999,0.66944435,0,5
1,7,0.651562,0.6027776499999999,0.6640619999999999,0.66944435,6,5
1,7,0.651562,0.6027776499999999,0.6640619999999999,0.66944435,11,5
1,7,0.651562,0.6027776499999999,0.6640619999999999,0.66944435,17,5
1,7,0.651562,0.6027776499999999,0.6640619999999999,0.66944435,24,5
1,7,0.651562,0.6027776499999999,0.6640619999999999,0.66944435,31,5
1,7,0.651562,0.6027776499999999,0.6640619999999999,0.66944435,38,5
1,7,0.651562,0.6027776499999999,0.6640619999999999,0.66944435,44,5
1,7,0.1093745,0.6138885,0.1624995,0.8999995,0,16
1,7,0.1093745,0.6138885,0.1624995,0.8999995,6,16
1,7,0.1093745,0.6138885,0.1624995,0.8999995,11,16
1,7,0.1093745,0.6138885,0.1624995,0.8999995,17,16
1,7,0.1093745,0.6138885,0.1624995,0.8999995,24,16
1,7,0.1093745,0.6138885,0.1624995,0.8999995,31,16
1,7,0.1093745,0.6138885,0.1624995,0.8999995,38,16
1,7,0.1093745,0.6138885,0.1624995,0.8999995,44,16
1,7,0.0734374999999999,0.6111114999999999,0.1328125,0.8944445,0,50
1,7,0.0734374999999999,0.6111114999999999,0.1328125,0.8944445,6,50
1,7,0.0734374999999999,0.6111114999999999,0.1328125,0.8944445,11,50
1,7,0.0734374999999999,0.6111114999999999,0.1328125,0.8944445,17,50
1,7,0.0734374999999999,0.6111114999999999,0.1328125,0.8944445,24,50
1,7,0.0734374999999999,0.6111114999999999,0.1328125,0.8944445,31,50
1,7,0.0734374999999999,0.6111114999999999,0.1328125,0.8944445,38,50
1,7,0.0734374999999999,0.6111114999999999,0.1328125,0.8944445,44,50
1,7,0.721875,0.5999999,0.734375,0.6722220999999999,0,76
1,7,0.721875,0.5999999,0.734375,0.6722220999999999,6,76
1,7,0.721875,0.5999999,0.734375,0.6722220999999999,11,76
1,7,0.721875,0.5999999,0.734375,0.6722220999999999,17,76
1,7,0.721875,0.5999999,0.734375,0.6722220999999999,24,76
1,7,0.721875,0.5999999,0.734375,0.6722220999999999,31,76
1,7,0.721875,0.5999999,0.734375,0.6722220999999999,38,76
1,7,0.721875,0.5999999,0.734375,0.6722220999999999,44,76
1,7,0.0,0.6000000000000001,0.05625,0.95,0,77
1,7,0.0,0.6000000000000001,0.05625,0.95,6,77
1,7,0.0,0.6000000000000001,0.05625,0.95,11,77
1,7,0.0,0.6000000000000001,0.05625,0.95,17,77
1,7,0.0,0.6000000000000001,0.05625,0.95,24,77
1,7,0.0,0.6000000000000001,0.05625,0.95,31,77
1,7,0.0,0.6000000000000001,0.05625,0.95,38,77
1,7,0.0,0.6000000000000001,0.05625,0.95,44,77
1,7,0.5609375,0.6277775,0.6265625,0.9444445,0,14
1,7,0.5609375,0.6277775,0.6265625,0.9444445,6,14
1,7,0.5609375,0.6277775,0.6265625,0.9444445,11,14
1,7,0.5609375,0.6277775,0.6265625,0.9444445,17,14
1,7,0.5609375,0.6277775,0.6265625,0.9444445,24,14
1,7,0.5609375,0.6277775,0.6265625,0.9444445,31,14
1,7,0.5609375,0.6277775,0.6265625,0.9444445,38,14
1,7,0.5609375,0.6277775,0.6265625,0.9444445,44,14
1,7,0.3078125,0.6249994999999999,0.3671875,0.9388885,0,78
1,7,0.3078125,0.6249994999999999,0.3671875,0.9388885,6,78
1,7,0.3078125,0.6249994999999999,0.3671875,0.9388885,11,78
1,7,0.3078125,0.6249994999999999,0.3671875,0.9388885,17,78
1,7,0.3078125,0.6249994999999999,0.3671875,0.9388885,24,78
1,7,0.3078125,0.6249994999999999,0.3671875,0.9388885,31,78
1,7,0.3078125,0.6249994999999999,0.3671875,0.9388885,38,78
1,7,0.3078125,0.6249994999999999,0.3671875,0.9388885,44,78
1,7,0.2593749999999999,0.5861114999999999,0.315625,0.8972225,0,40
1,7,0.2593749999999999,0.5861114999999999,0.315625,0.8972225,6,40
1,7,0.2593749999999999,0.5861114999999999,0.315625,0.8972225,11,40
1,7,0.2593749999999999,0.5861114999999999,0.315625,0.8972225,17,40
1,7,0.2593749999999999,0.5861114999999999,0.315625,0.8972225,24,40
1,7,0.2593749999999999,0.5861114999999999,0.315625,0.8972225,31,40
1,7,0.2593749999999999,0.5861114999999999,0.315625,0.8972225,38,40
1,7,0.2593749999999999,0.5861114999999999,0.315625,0.8972225,44,40
1,7,0.4687497499999999,0.6333335,0.55781225,0.9944445,0,22
1,7,0.4687497499999999,0.6333335,0.55781225,0.9944445,6,22
1,7,0.4687497499999999,0.6333335,0.55781225,0.9944445,11,22
1,7,0.4687497499999999,0.6333335,0.55781225,0.9944445,17,22
1,7,0.4687497499999999,0.6333335,0.55781225,0.9944445,24,22
1,7,0.4687497499999999,0.6333335,0.55781225,0.9944445,31,22
1,7,0.4687497499999999,0.6333335,0.55781225,0.9944445,38,22
1,7,0.4687497499999999,0.6333335,0.55781225,0.9944445,44,22
1,7,0.37500025,0.572222,0.4484377499999999,0.9750000000000002,0,44
1,7,0.37500025,0.572222,0.4484377499999999,0.9750000000000002,6,44
1,7,0.37500025,0.572222,0.4484377499999999,0.9750000000000002,11,44
1,7,0.37500025,0.572222,0.4484377499999999,0.9750000000000002,17,44
1,7,0.37500025,0.572222,0.4484377499999999,0.9750000000000002,24,44
1,7,0.37500025,0.572222,0.4484377499999999,0.9750000000000002,31,44
1,7,0.37500025,0.572222,0.4484377499999999,0.9750000000000002,38,44
1,7,0.37500025,0.572222,0.4484377499999999,0.9750000000000002,44,44
1,7,0.14999975,0.594445,0.23906225,0.966667,0,79
1,7,0.14999975,0.594445,0.23906225,0.966667,6,79
1,7,0.14999975,0.594445,0.23906225,0.966667,11,79
1,7,0.14999975,0.594445,0.23906225,0.966667,17,79
1,7,0.14999975,0.594445,0.23906225,0.966667,24,79
1,7,0.14999975,0.594445,0.23906225,0.966667,31,79
1,7,0.14999975,0.594445,0.23906225,0.966667,38,79
1,7,0.14999975,0.594445,0.23906225,0.966667,44,79
1,2,0.601232390625,0.6025039166666667,0.776408453125,0.9984350555555556,0,80
1,2,0.601232390625,0.6025039166666667,0.776408453125,0.9984350555555556,6,80
1,2,0.601232390625,0.6025039166666667,0.776408453125,0.9984350555555556,11,80
1,2,0.601232390625,0.6025039166666667,0.776408453125,0.9984350555555556,17,80
1,2,0.601232390625,0.6025039166666667,0.776408453125,0.9984350555555556,24,80
1,2,0.601232390625,0.6025039166666667,0.776408453125,0.9984350555555556,31,80
1,2,0.601232390625,0.6025039166666667,0.776408453125,0.9984350555555556,38,80
1,2,0.601232390625,0.6025039166666667,0.776408453125,0.9984350555555556,44,80
1,3,0.2438375,0.5962444444444445,0.3019359375,0.8779333333333332,0,81
1,3,0.2438375,0.5962444444444445,0.3019359375,0.8779333333333332,6,81
1,3,0.2438375,0.5962444444444445,0.3019359375,0.8779333333333332,11,81
1,3,0.2438375,0.5962444444444445,0.3019359375,0.8779333333333332,17,81
1,3,0.2438375,0.5962444444444445,0.3019359375,0.8779333333333332,24,81
1,3,0.2438375,0.5962444444444445,0.3019359375,0.8779333333333332,31,81
1,3,0.2438375,0.5962444444444445,0.3019359375,0.8779333333333332,38,81
1,3,0.2438375,0.5962444444444445,0.3019359375,0.8779333333333332,44,81
1,3,0.75264084375,0.6838821111111112,0.86531690625,0.9687015555555556,0,82
1,3,0.75264084375,0.6838821111111112,0.86531690625,0.9687015555555556,6,82
1,3,0.75264084375,0.6838821111111112,0.86531690625,0.9687015555555556,11,82
1,3,0.75264084375,0.6838821111111112,0.86531690625,0.9687015555555556,17,82
1,3,0.75264084375,0.6838821111111112,0.86531690625,0.9687015555555556,24,82
1,3,0.75264084375,0.6838821111111112,0.86531690625,0.9687015555555556,31,82
1,3,0.75264084375,0.6838821111111112,0.86531690625,0.9687015555555556,38,82
1,3,0.75264084375,0.6838821111111112,0.86531690625,0.9687015555555556,44,82
1,5,0.463028125,0.6087636944444444,0.5316906250000001,0.9937402222222222,0,83
1,5,0.463028125,0.6087636944444444,0.5316906250000001,0.9937402222222222,6,83
1,5,0.463028125,0.6087636944444444,0.5316906250000001,0.9937402222222222,11,83
1,5,0.463028125,0.6087636944444444,0.5316906250000001,0.9937402222222222,17,83
1,5,0.463028125,0.6087636944444444,0.5316906250000001,0.9937402222222222,24,83
1,5,0.463028125,0.6087636944444444,0.5316906250000001,0.9937402222222222,31,83
1,5,0.463028125,0.6087636944444444,0.5316906250000001,0.9937402222222222,38,83
1,5,0.463028125,0.6087636944444444,0.5316906250000001,0.9937402222222222,44,83
1,5,0.520246875,0.9467916666666668,0.5211265625,0.9467916666666668,0,84
1,5,0.520246875,0.9467916666666668,0.5211265625,0.9467916666666668,6,84
1,5,0.520246875,0.9467916666666668,0.5211265625,0.9467916666666668,11,84
1,5,0.520246875,0.9467916666666668,0.5211265625,0.9467916666666668,17,84
1,5,0.520246875,0.9467916666666668,0.5211265625,0.9467916666666668,24,84
1,5,0.520246875,0.9467916666666668,0.5211265625,0.9467916666666668,31,84
1,5,0.520246875,0.9467916666666668,0.5211265625,0.9467916666666668,38,84
1,5,0.520246875,0.9467916666666668,0.5211265625,0.9467916666666668,44,84
1,7,0.7341546875,0.6510172222222222,0.852992953125,0.9984361111111112,0,85
1,7,0.7341546875,0.6510172222222222,0.852992953125,0.9984361111111112,6,85
1,7,0.7341546875,0.6510172222222222,0.852992953125,0.9984361111111112,11,85
1,7,0.7341546875,0.6510172222222222,0.852992953125,0.9984361111111112,17,85
1,7,0.7341546875,0.6510172222222222,0.852992953125,0.9984361111111112,24,85
1,7,0.7341546875,0.6510172222222222,0.852992953125,0.9984361111111112,31,85
1,7,0.7341546875,0.6510172222222222,0.852992953125,0.9984361111111112,38,85
1,7,0.7341546875,0.6510172222222222,0.852992953125,0.9984361111111112,44,85
1,7,0.91109225,0.6228493333333334,1.0,0.9874804444444446,0,86
1,7,0.91109225,0.6228493333333334,1.0,0.9874804444444446,6,86
1,7,0.91109225,0.6228493333333334,1.0,0.9874804444444446,11,86
1,7,0.91109225,0.6228493333333334,1.0,0.9874804444444446,17,86
1,7,0.91109225,0.6228493333333334,1.0,0.9874804444444446,24,86
1,7,0.91109225,0.6228493333333334,1.0,0.9874804444444446,31,86
1,7,0.91109225,0.6228493333333334,1.0,0.9874804444444446,38,86
1,7,0.91109225,0.6228493333333334,1.0,0.9874804444444446,44,86
2,1,0.832813,0.5777781,0.8515630000000002,0.6305559000000001,0,0
2,1,0.832813,0.5777781,0.8515630000000002,0.6305559000000001,6,0
2,1,0.832813,0.5777781,0.8515630000000002,0.6305559000000001,11,0
2,1,0.832813,0.5777781,0.8515630000000002,0.6305559000000001,17,0
2,1,0.832813,0.5777781,0.8515630000000002,0.6305559000000001,24,0
2,1,0.832813,0.5777781,0.8515630000000002,0.6305559000000001,31,0
2,1,0.832813,0.5777781,0.8515630000000002,0.6305559000000001,38,0
2,1,0.832813,0.5777781,0.8515630000000002,0.6305559000000001,44,0
2,1,0.7265625,0.619444,0.7546875,0.7222220000000001,0,1
2,1,0.7265625,0.619444,0.7546875,0.7222220000000001,6,1
2,1,0.7265625,0.619444,0.7546875,0.7222220000000001,11,1
2,1,0.7265625,0.619444,0.7546875,0.7222220000000001,17,1
2,1,0.7265625,0.619444,0.7546875,0.7222220000000001,24,1
2,1,0.7265625,0.619444,0.7546875,0.7222220000000001,31,1
2,1,0.7265625,0.619444,0.7546875,0.7222220000000001,38,1
2,1,0.7265625,0.619444,0.7546875,0.7222220000000001,44,1
2,1,0.8015625,0.5777778,0.8171875,0.6472222000000001,0,2
2,1,0.8015625,0.5777778,0.8171875,0.6472222000000001,6,2
2,1,0.8015625,0.5777778,0.8171875,0.6472222000000001,11,2
2,1,0.8015625,0.5777778,0.8171875,0.6472222000000001,17,2
2,1,0.8015625,0.5777778,0.8171875,0.6472222000000001,24,2
2,1,0.8015625,0.5777778,0.8171875,0.6472222000000001,31,2
2,1,0.8015625,0.5777778,0.8171875,0.6472222000000001,38,2
2,1,0.8015625,0.5777778,0.8171875,0.6472222000000001,44,2
2,1,0.946875,0.5777774499999999,0.965625,0.66388855,0,3
2,1,0.946875,0.5777774499999999,0.965625,0.66388855,6,3
2,1,0.946875,0.5777774499999999,0.965625,0.66388855,11,3
2,1,0.946875,0.5777774499999999,0.965625,0.66388855,17,3
2,1,0.946875,0.5777774499999999,0.965625,0.66388855,24,3
2,1,0.946875,0.5777774499999999,0.965625,0.66388855,31,3
2,1,0.946875,0.5777774499999999,0.965625,0.66388855,38,3
2,1,0.946875,0.5777774499999999,0.965625,0.66388855,44,3
2,1,0.915625,0.5694443499999999,0.934375,0.65277765,0,4
2,1,0.915625,0.5694443499999999,0.934375,0.65277765,6,4
2,1,0.915625,0.5694443499999999,0.934375,0.65277765,11,4
2,1,0.915625,0.5694443499999999,0.934375,0.65277765,17,4
2,1,0.915625,0.5694443499999999,0.934375,0.65277765,24,4
2,1,0.915625,0.5694443499999999,0.934375,0.65277765,31,4
2,1,0.915625,0.5694443499999999,0.934375,0.65277765,38,4
2,1,0.915625,0.5694443499999999,0.934375,0.65277765,44,4
2,1,0.459375,0.58055565,0.478125,0.67222235,0,5
2,1,0.459375,0.58055565,0.478125,0.67222235,6,5
2,1,0.459375,0.58055565,0.478125,0.67222235,11,5
2,1,0.459375,0.58055565,0.478125,0.67222235,17,5
2,1,0.459375,0.58055565,0.478125,0.67222235,24,5
2,1,0.459375,0.58055565,0.478125,0.67222235,31,5
2,1,0.459375,0.58055565,0.478125,0.67222235,38,5
2,1,0.459375,0.58055565,0.478125,0.67222235,44,5
2,1,0.41406225,0.5722219,0.43749975,0.6694441,0,6
2,1,0.41406225,0.5722219,0.43749975,0.6694441,6,6
2,1,0.41406225,0.5722219,0.43749975,0.6694441,11,6
2,1,0.41406225,0.5722219,0.43749975,0.6694441,17,6
2,1,0.41406225,0.5722219,0.43749975,0.6694441,24,6
2,1,0.41406225,0.5722219,0.43749975,0.6694441,31,6
2,1,0.41406225,0.5722219,0.43749975,0.6694441,38,6
2,1,0.41406225,0.5722219,0.43749975,0.6694441,44,6
2,1,0.8031254999999999,0.6083335,1.0,0.9972225,0,7
2,1,0.8031254999999999,0.6083335,1.0,0.9972225,6,7
2,1,0.8031254999999999,0.6083335,1.0,0.9972225,11,7
2,1,0.8031254999999999,0.6083335,1.0,0.9972225,17,7
2,1,0.8031254999999999,0.6083335,1.0,0.9972225,24,7
2,1,0.8031254999999999,0.6083335,1.0,0.9972225,31,7
2,1,0.8031254999999999,0.6083335,1.0,0.9972225,38,7
2,1,0.8031254999999999,0.6083335,1.0,0.9972225,44,7
2,1,0.33437475,0.580555,0.39218725,0.8333330000000001,0,8
2,1,0.33437475,0.580555,0.39218725,0.8333330000000001,6,8
2,1,0.33437475,0.580555,0.39218725,0.8333330000000001,11,8
2,1,0.33437475,0.580555,0.39218725,0.8333330000000001,17,8
2,1,0.33437475,0.580555,0.39218725,0.8333330000000001,24,8
2,1,0.33437475,0.580555,0.39218725,0.8333330000000001,31,8
2,1,0.33437475,0.580555,0.39218725,0.8333330000000001,38,8
2,1,0.33437475,0.580555,0.39218725,0.8333330000000001,44,8
2,1,0.023438,0.5638885,0.223438,0.9999995,0,10
2,1,0.023438,0.5638885,0.223438,0.9999995,6,10
2,1,0.023438,0.5638885,0.223438,0.9999995,11,10
2,1,0.023438,0.5638885,0.223438,0.9999995,17,10
2,1,0.023438,0.5638885,0.223438,0.9999995,24,10
2,1,0.023438,0.5638885,0.223438,0.9999995,31,10
2,1,0.023438,0.5638885,0.223438,0.9999995,38,10
2,1,0.023438,0.5638885,0.223438,0.9999995,44,10
2,2,0.8609372500000001,0.5777778,0.8781247499999999,0.6472222000000001,0,11
2,2,0.8609372500000001,0.5777778,0.8781247499999999,0.6472222000000001,6,11
2,2,0.8609372500000001,0.5777778,0.8781247499999999,0.6472222000000001,11,11
2,2,0.8609372500000001,0.5777778,0.8781247499999999,0.6472222000000001,17,11
2,2,0.8609372500000001,0.5777778,0.8781247499999999,0.6472222000000001,24,11
2,2,0.8609372500000001,0.5777778,0.8781247499999999,0.6472222000000001,31,11
2,2,0.8609372500000001,0.5777778,0.8781247499999999,0.6472222000000001,38,11
2,2,0.8609372500000001,0.5777778,0.8781247499999999,0.6472222000000001,44,11
2,2,0.803125,0.5777775500000001,0.815625,0.61666645,0,12
2,2,0.803125,0.5777775500000001,0.815625,0.61666645,6,12
2,2,0.803125,0.5777775500000001,0.815625,0.61666645,11,12
2,2,0.803125,0.5777775500000001,0.815625,0.61666645,17,12
2,2,0.803125,0.5777775500000001,0.815625,0.61666645,24,12
2,2,0.803125,0.5777775500000001,0.815625,0.61666645,31,12
2,2,0.803125,0.5777775500000001,0.815625,0.61666645,38,12
2,2,0.803125,0.5777775500000001,0.815625,0.61666645,44,12
2,2,0.8281255,0.577778,0.8437505,0.6277780000000001,0,13
2,2,0.8281255,0.577778,0.8437505,0.6277780000000001,6,13
2,2,0.8281255,0.577778,0.8437505,0.6277780000000001,11,13
2,2,0.8281255,0.577778,0.8437505,0.6277780000000001,17,13
2,2,0.8281255,0.577778,0.8437505,0.6277780000000001,24,13
2,2,0.8281255,0.577778,0.8437505,0.6277780000000001,31,13
2,2,0.8281255,0.577778,0.8437505,0.6277780000000001,38,13
2,2,0.8281255,0.577778,0.8437505,0.6277780000000001,44,13
2,2,0.464063,0.57222235,0.4765629999999999,0.6305556499999999,0,14
2,2,0.464063,0.57222235,0.4765629999999999,0.6305556499999999,6,14
2,2,0.464063,0.57222235,0.4765629999999999,0.6305556499999999,11,14
2,2,0.464063,0.57222235,0.4765629999999999,0.6305556499999999,17,14
2,2,0.464063,0.57222235,0.4765629999999999,0.6305556499999999,24,14
2,2,0.464063,0.57222235,0.4765629999999999,0.6305556499999999,31,14
2,2,0.464063,0.57222235,0.4765629999999999,0.6305556499999999,38,14
2,2,0.464063,0.57222235,0.4765629999999999,0.6305556499999999,44,14
2,2,0.95468775,0.5777775500000001,0.98125025,0.66666645,0,15
2,2,0.95468775,0.5777775500000001,0.98125025,0.66666645,6,15
2,2,0.95468775,0.5777775500000001,0.98125025,0.66666645,11,15
2,2,0.95468775,0.5777775500000001,0.98125025,0.66666645,17,15
2,2,0.95468775,0.5777775500000001,0.98125025,0.66666645,24,15
2,2,0.95468775,0.5777775500000001,0.98125025,0.66666645,31,15
2,2,0.95468775,0.5777775500000001,0.98125025,0.66666645,38,15
2,2,0.95468775,0.5777775500000001,0.98125025,0.66666645,44,15
2,2,0.97968775,0.577778,1.0,0.652778,0,16
2,2,0.97968775,0.577778,1.0,0.652778,6,16
2,2,0.97968775,0.577778,1.0,0.652778,11,16
2,2,0.97968775,0.577778,1.0,0.652778,17,16
2,2,0.97968775,0.577778,1.0,0.652778,24,16
2,2,0.97968775,0.577778,1.0,0.652778,31,16
2,2,0.97968775,0.577778,1.0,0.652778,38,16
2,2,0.97968775,0.577778,1.0,0.652778,44,16
2,2,0.742188,0.6111115,0.9125,0.9972225,0,15
2,2,0.742188,0.6111115,0.9125,0.9972225,6,15
2,2,0.742188,0.6111115,0.9125,0.9972225,11,15
2,2,0.742188,0.6111115,0.9125,0.9972225,17,15
2,2,0.742188,0.6111115,0.9125,0.9972225,24,15
2,2,0.742188,0.6111115,0.9125,0.9972225,31,15
2,2,0.742188,0.6111115,0.9125,0.9972225,38,15
2,2,0.742188,0.6111115,0.9125,0.9972225,44,15
2,2,0.4765627500000001,0.5722219,0.49687525,0.6694441,0,17
2,2,0.4765627500000001,0.5722219,0.49687525,0.6694441,6,17
2,2,0.4765627500000001,0.5722219,0.49687525,0.6694441,11,17
2,2,0.4765627500000001,0.5722219,0.49687525,0.6694441,17,17
2,2,0.4765627500000001,0.5722219,0.49687525,0.6694441,24,17
2,2,0.4765627500000001,0.5722219,0.49687525,0.6694441,31,17
2,2,0.4765627500000001,0.5722219,0.49687525,0.6694441,38,17
2,2,0.4765627500000001,0.5722219,0.49687525,0.6694441,44,17
2,2,0.43437475,0.572222,0.45468725,0.6722220000000001,0,18
2,2,0.43437475,0.572222,0.45468725,0.6722220000000001,6,18
2,2,0.43437475,0.572222,0.45468725,0.6722220000000001,11,18
2,2,0.43437475,0.572222,0.45468725,0.6722220000000001,17,18
2,2,0.43437475,0.572222,0.45468725,0.6722220000000001,24,18
2,2,0.43437475,0.572222,0.45468725,0.6722220000000001,31,18
2,2,0.43437475,0.572222,0.45468725,0.6722220000000001,38,18
2,2,0.43437475,0.572222,0.45468725,0.6722220000000001,44,18
2,2,0.9328125,0.569444,0.9546875,0.672222,0,19
2,2,0.9328125,0.569444,0.9546875,0.672222,6,19
2,2,0.9328125,0.569444,0.9546875,0.672222,11,19
2,2,0.9328125,0.569444,0.9546875,0.672222,17,19
2,2,0.9328125,0.569444,0.9546875,0.672222,24,19
2,2,0.9328125,0.569444,0.9546875,0.672222,31,19
2,2,0.9328125,0.569444,0.9546875,0.672222,38,19
2,2,0.9328125,0.569444,0.9546875,0.672222,44,19
2,2,0.3390627499999999,0.583333,0.39687525,0.8361109999999999,0,8
2,2,0.3390627499999999,0.583333,0.39687525,0.8361109999999999,6,8
2,2,0.3390627499999999,0.583333,0.39687525,0.8361109999999999,11,8
2,2,0.3390627499999999,0.583333,0.39687525,0.8361109999999999,17,8
2,2,0.3390627499999999,0.583333,0.39687525,0.8361109999999999,24,8
2,2,0.3390627499999999,0.583333,0.39687525,0.8361109999999999,31,8
2,2,0.3390627499999999,0.583333,0.39687525,0.8361109999999999,38,8
2,2,0.3390627499999999,0.583333,0.39687525,0.8361109999999999,44,8
2,2,0.1093755,0.566666,0.2765625,0.997222,0,10
2,2,0.1093755,0.566666,0.2765625,0.997222,6,10
2,2,0.1093755,0.566666,0.2765625,0.997222,11,10
2,2,0.1093755,0.566666,0.2765625,0.997222,17,10
2,2,0.1093755,0.566666,0.2765625,0.997222,24,10
2,2,0.1093755,0.566666,0.2765625,0.997222,31,10
2,2,0.1093755,0.566666,0.2765625,0.997222,38,10
2,2,0.1093755,0.566666,0.2765625,0.997222,44,10
2,3,0.4765625,0.57222235,0.4921875,0.6305556499999999,0,20
2,3,0.4765625,0.57222235,0.4921875,0.6305556499999999,6,20
2,3,0.4765625,0.57222235,0.4921875,0.6305556499999999,11,20
2,3,0.4765625,0.57222235,0.4921875,0.6305556499999999,17,20
2,3,0.4765625,0.57222235,0.4921875,0.6305556499999999,24,20
2,3,0.4765625,0.57222235,0.4921875,0.6305556499999999,31,20
2,3,0.4765625,0.57222235,0.4921875,0.6305556499999999,38,20
2,3,0.4765625,0.57222235,0.4921875,0.6305556499999999,44,20
2,3,0.97968775,0.57777735,1.0,0.66111065,0,21
2,3,0.97968775,0.57777735,1.0,0.66111065,6,21
2,3,0.97968775,0.57777735,1.0,0.66111065,11,21
2,3,0.97968775,0.57777735,1.0,0.66111065,17,21
2,3,0.97968775,0.57777735,1.0,0.66111065,24,21
2,3,0.97968775,0.57777735,1.0,0.66111065,31,21
2,3,0.97968775,0.57777735,1.0,0.66111065,38,21
2,3,0.97968775,0.57777735,1.0,0.66111065,44,21
2,3,0.8468747499999999,0.5777776499999999,0.8609372500000001,0.64444435,0,22
2,3,0.8468747499999999,0.5777776499999999,0.8609372500000001,0.64444435,6,22
2,3,0.8468747499999999,0.5777776499999999,0.8609372500000001,0.64444435,11,22
2,3,0.8468747499999999,0.5777776499999999,0.8609372500000001,0.64444435,17,22
2,3,0.8468747499999999,0.5777776499999999,0.8609372500000001,0.64444435,24,22
2,3,0.8468747499999999,0.5777776499999999,0.8609372500000001,0.64444435,31,22
2,3,0.8468747499999999,0.5777776499999999,0.8609372500000001,0.64444435,38,22
2,3,0.8468747499999999,0.5777776499999999,0.8609372500000001,0.64444435,44,22
2,3,0.94218725,0.575,0.96562475,0.677778,0,23
2,3,0.94218725,0.575,0.96562475,0.677778,6,23
2,3,0.94218725,0.575,0.96562475,0.677778,11,23
2,3,0.94218725,0.575,0.96562475,0.677778,17,23
2,3,0.94218725,0.575,0.96562475,0.677778,24,23
2,3,0.94218725,0.575,0.96562475,0.677778,31,23
2,3,0.94218725,0.575,0.96562475,0.677778,38,23
2,3,0.94218725,0.575,0.96562475,0.677778,44,23
2,3,0.4437505,0.57499965,0.4656254999999999,0.66666635,0,24
2,3,0.4437505,0.57499965,0.4656254999999999,0.66666635,6,24
2,3,0.4437505,0.57499965,0.4656254999999999,0.66666635,11,24
2,3,0.4437505,0.57499965,0.4656254999999999,0.66666635,17,24
2,3,0.4437505,0.57499965,0.4656254999999999,0.66666635,24,24
2,3,0.4437505,0.57499965,0.4656254999999999,0.66666635,31,24
2,3,0.4437505,0.57499965,0.4656254999999999,0.66666635,38,24
2,3,0.4437505,0.57499965,0.4656254999999999,0.66666635,44,24
2,3,0.701563,0.6388895,0.821875,0.9972225,0,15
2,3,0.701563,0.6388895,0.821875,0.9972225,6,15
2,3,0.701563,0.6388895,0.821875,0.9972225,11,15
2,3,0.701563,0.6388895,0.821875,0.9972225,17,15
2,3,0.701563,0.6388895,0.821875,0.9972225,24,15
2,3,0.701563,0.6388895,0.821875,0.9972225,31,15
2,3,0.701563,0.6388895,0.821875,0.9972225,38,15
2,3,0.701563,0.6388895,0.821875,0.9972225,44,15
2,3,0.49375,0.58055555,0.5125000000000001,0.66944445,0,25
2,3,0.49375,0.58055555,0.5125000000000001,0.66944445,6,25
2,3,0.49375,0.58055555,0.5125000000000001,0.66944445,11,25
2,3,0.49375,0.58055555,0.5125000000000001,0.66944445,17,25
2,3,0.49375,0.58055555,0.5125000000000001,0.66944445,24,25
2,3,0.49375,0.58055555,0.5125000000000001,0.66944445,31,25
2,3,0.49375,0.58055555,0.5125000000000001,0.66944445,38,25
2,3,0.49375,0.58055555,0.5125000000000001,0.66944445,44,25
2,3,0.3296875,0.5805555,0.3890625,0.8638885000000001,0,8
2,3,0.3296875,0.5805555,0.3890625,0.8638885000000001,6,8
2,3,0.3296875,0.5805555,0.3890625,0.8638885000000001,11,8
2,3,0.3296875,0.5805555,0.3890625,0.8638885000000001,17,8
2,3,0.3296875,0.5805555,0.3890625,0.8638885000000001,24,8
2,3,0.3296875,0.5805555,0.3890625,0.8638885000000001,31,8
2,3,0.3296875,0.5805555,0.3890625,0.8638885000000001,38,8
2,3,0.3296875,0.5805555,0.3890625,0.8638885000000001,44,8
2,3,0.178125,0.5833335000000001,0.329687,0.9972225,0,10
2,3,0.178125,0.5833335000000001,0.329687,0.9972225,6,10
2,3,0.178125,0.5833335000000001,0.329687,0.9972225,11,10
2,3,0.178125,0.5833335000000001,0.329687,0.9972225,17,10
2,3,0.178125,0.5833335000000001,0.329687,0.9972225,24,10
2,3,0.178125,0.5833335000000001,0.329687,0.9972225,31,10
2,3,0.178125,0.5833335000000001,0.329687,0.9972225,38,10
2,3,0.178125,0.5833335000000001,0.329687,0.9972225,44,10
2,4,0.98125,0.663889,1.0,0.766667,0,26
2,4,0.98125,0.663889,1.0,0.766667,6,26
2,4,0.98125,0.663889,1.0,0.766667,11,26
2,4,0.98125,0.663889,1.0,0.766667,17,26
2,4,0.98125,0.663889,1.0,0.766667,24,26
2,4,0.98125,0.663889,1.0,0.766667,31,26
2,4,0.98125,0.663889,1.0,0.766667,38,26
2,4,0.98125,0.663889,1.0,0.766667,44,26
2,4,0.48437475,0.5722222,0.49843725,0.6277777999999999,0,21
2,4,0.48437475,0.5722222,0.49843725,0.6277777999999999,6,21
2,4,0.48437475,0.5722222,0.49843725,0.6277777999999999,11,21
2,4,0.48437475,0.5722222,0.49843725,0.6277777999999999,17,21
2,4,0.48437475,0.5722222,0.49843725,0.6277777999999999,24,21
2,4,0.48437475,0.5722222,0.49843725,0.6277777999999999,31,21
2,4,0.48437475,0.5722222,0.49843725,0.6277777999999999,38,21
2,4,0.48437475,0.5722222,0.49843725,0.6277777999999999,44,21
2,4,0.36093775,0.583333,0.40625025,0.7361110000000001,0,8
2,4,0.36093775,0.583333,0.40625025,0.7361110000000001,6,8
2,4,0.36093775,0.583333,0.40625025,0.7361110000000001,11,8
2,4,0.36093775,0.583333,0.40625025,0.7361110000000001,17,8
2,4,0.36093775,0.583333,0.40625025,0.7361110000000001,24,8
2,4,0.36093775,0.583333,0.40625025,0.7361110000000001,31,8
2,4,0.36093775,0.583333,0.40625025,0.7361110000000001,38,8
2,4,0.36093775,0.583333,0.40625025,0.7361110000000001,44,8
2,4,0.5015624999999999,0.57777765,0.5234375,0.66944435,0,27
2,4,0.5015624999999999,0.57777765,0.5234375,0.66944435,6,27
2,4,0.5015624999999999,0.57777765,0.5234375,0.66944435,11,27
2,4,0.5015624999999999,0.57777765,0.5234375,0.66944435,17,27
2,4,0.5015624999999999,0.57777765,0.5234375,0.66944435,24,27
2,4,0.5015624999999999,0.57777765,0.5234375,0.66944435,31,27
2,4,0.5015624999999999,0.57777765,0.5234375,0.66944435,38,27
2,4,0.5015624999999999,0.57777765,0.5234375,0.66944435,44,27
2,4,0.4515625,0.569444,0.4734375,0.669444,0,23
2,4,0.4515625,0.569444,0.4734375,0.669444,6,23
2,4,0.4515625,0.569444,0.4734375,0.669444,11,23
2,4,0.4515625,0.569444,0.4734375,0.669444,17,23
2,4,0.4515625,0.569444,0.4734375,0.669444,24,23
2,4,0.4515625,0.569444,0.4734375,0.669444,31,23
2,4,0.4515625,0.569444,0.4734375,0.669444,38,23
2,4,0.4515625,0.569444,0.4734375,0.669444,44,23
2,4,0.94062525,0.572222,0.96406275,0.6722220000000001,0,24
2,4,0.94062525,0.572222,0.96406275,0.6722220000000001,6,24
2,4,0.94062525,0.572222,0.96406275,0.6722220000000001,11,24
2,4,0.94062525,0.572222,0.96406275,0.6722220000000001,17,24
2,4,0.94062525,0.572222,0.96406275,0.6722220000000001,24,24
2,4,0.94062525,0.572222,0.96406275,0.6722220000000001,31,24
2,4,0.94062525,0.572222,0.96406275,0.6722220000000001,38,24
2,4,0.94062525,0.572222,0.96406275,0.6722220000000001,44,24
2,4,0.6359374999999999,0.625,0.7515625,0.9944440000000002,0,15
2,4,0.6359374999999999,0.625,0.7515625,0.9944440000000002,6,15
2,4,0.6359374999999999,0.625,0.7515625,0.9944440000000002,11,15
2,4,0.6359374999999999,0.625,0.7515625,0.9944440000000002,17,15
2,4,0.6359374999999999,0.625,0.7515625,0.9944440000000002,24,15
2,4,0.6359374999999999,0.625,0.7515625,0.9944440000000002,31,15
2,4,0.6359374999999999,0.625,0.7515625,0.9944440000000002,38,15
2,4,0.6359374999999999,0.625,0.7515625,0.9944440000000002,44,15
2,4,0.264063,0.5805555,0.403125,0.9972225,0,10
2,4,0.264063,0.5805555,0.403125,0.9972225,6,10
2,4,0.264063,0.5805555,0.403125,0.9972225,11,10
2,4,0.264063,0.5805555,0.403125,0.9972225,17,10
2,4,0.264063,0.5805555,0.403125,0.9972225,24,10
2,4,0.264063,0.5805555,0.403125,0.9972225,31,10
2,4,0.264063,0.5805555,0.403125,0.9972225,38,10
2,4,0.264063,0.5805555,0.403125,0.9972225,44,10
2,5,0.4749995,0.5722221,0.4906245,0.6249999,0,21
2,5,0.4749995,0.5722221,0.4906245,0.6249999,6,21
2,5,0.4749995,0.5722221,0.4906245,0.6249999,11,21
2,5,0.4749995,0.5722221,0.4906245,0.6249999,17,21
2,5,0.4749995,0.5722221,0.4906245,0.6249999,24,21
2,5,0.4749995,0.5722221,0.4906245,0.6249999,31,21
2,5,0.4749995,0.5722221,0.4906245,0.6249999,38,21
2,5,0.4749995,0.5722221,0.4906245,0.6249999,44,21
2,5,0.45312475,0.5694448,0.47343725,0.6638892,0,23
2,5,0.45312475,0.5694448,0.47343725,0.6638892,6,23
2,5,0.45312475,0.5694448,0.47343725,0.6638892,11,23
2,5,0.45312475,0.5694448,0.47343725,0.6638892,17,23
2,5,0.45312475,0.5694448,0.47343725,0.6638892,24,23
2,5,0.45312475,0.5694448,0.47343725,0.6638892,31,23
2,5,0.45312475,0.5694448,0.47343725,0.6638892,38,23
2,5,0.45312475,0.5694448,0.47343725,0.6638892,44,23
2,5,0.5015627500000001,0.57777765,0.52187525,0.66944435,0,25
2,5,0.5015627500000001,0.57777765,0.52187525,0.66944435,6,25
2,5,0.5015627500000001,0.57777765,0.52187525,0.66944435,11,25
2,5,0.5015627500000001,0.57777765,0.52187525,0.66944435,17,25
2,5,0.5015627500000001,0.57777765,0.52187525,0.66944435,24,25
2,5,0.5015627500000001,0.57777765,0.52187525,0.66944435,31,25
2,5,0.5015627500000001,0.57777765,0.52187525,0.66944435,38,25
2,5,0.5015627500000001,0.57777765,0.52187525,0.66944435,44,25
2,5,0.58593775,0.6055555,0.68125025,0.9972225,0,15
2,5,0.58593775,0.6055555,0.68125025,0.9972225,6,15
2,5,0.58593775,0.6055555,0.68125025,0.9972225,11,15
2,5,0.58593775,0.6055555,0.68125025,0.9972225,17,15
2,5,0.58593775,0.6055555,0.68125025,0.9972225,24,15
2,5,0.58593775,0.6055555,0.68125025,0.9972225,31,15
2,5,0.58593775,0.6055555,0.68125025,0.9972225,38,15
2,5,0.58593775,0.6055555,0.68125025,0.9972225,44,15
2,5,0.2671874999999999,0.5833335000000001,0.4328125,0.9972225,0,10
2,5,0.2671874999999999,0.5833335000000001,0.4328125,0.9972225,6,10
2,5,0.2671874999999999,0.5833335000000001,0.4328125,0.9972225,11,10
2,5,0.2671874999999999,0.5833335000000001,0.4328125,0.9972225,17,10
2,5,0.2671874999999999,0.5833335000000001,0.4328125,0.9972225,24,10
2,5,0.2671874999999999,0.5833335000000001,0.4328125,0.9972225,31,10
2,5,0.2671874999999999,0.5833335000000001,0.4328125,0.9972225,38,10
2,5,0.2671874999999999,0.5833335000000001,0.4328125,0.9972225,44,10
2,6,0.429687,0.57500035,0.442187,0.63333365,0,28
2,6,0.429687,0.57500035,0.442187,0.63333365,6,28
2,6,0.429687,0.57500035,0.442187,0.63333365,11,28
2,6,0.429687,0.57500035,0.442187,0.63333365,17,28
2,6,0.429687,0.57500035,0.442187,0.63333365,24,28
2,6,0.429687,0.57500035,0.442187,0.63333365,31,28
2,6,0.429687,0.57500035,0.442187,0.63333365,38,28
2,6,0.429687,0.57500035,0.442187,0.63333365,44,28
2,6,0.459375,0.572222,0.471875,0.647222,0,29
2,6,0.459375,0.572222,0.471875,0.647222,6,29
2,6,0.459375,0.572222,0.471875,0.647222,11,29
2,6,0.459375,0.572222,0.471875,0.647222,17,29
2,6,0.459375,0.572222,0.471875,0.647222,24,29
2,6,0.459375,0.572222,0.471875,0.647222,31,29
2,6,0.459375,0.572222,0.471875,0.647222,38,29
2,6,0.459375,0.572222,0.471875,0.647222,44,29
2,6,0.4765625,0.57499955,0.4921875,0.63888845,0,21
2,6,0.4765625,0.57499955,0.4921875,0.63888845,6,21
2,6,0.4765625,0.57499955,0.4921875,0.63888845,11,21
2,6,0.4765625,0.57499955,0.4921875,0.63888845,17,21
2,6,0.4765625,0.57499955,0.4921875,0.63888845,24,21
2,6,0.4765625,0.57499955,0.4921875,0.63888845,31,21
2,6,0.4765625,0.57499955,0.4921875,0.63888845,38,21
2,6,0.4765625,0.57499955,0.4921875,0.63888845,44,21
2,6,0.44374975,0.57222265,0.4640622499999999,0.66388935,0,23
2,6,0.44374975,0.57222265,0.4640622499999999,0.66388935,6,23
2,6,0.44374975,0.57222265,0.4640622499999999,0.66388935,11,23
2,6,0.44374975,0.57222265,0.4640622499999999,0.66388935,17,23
2,6,0.44374975,0.57222265,0.4640622499999999,0.66388935,24,23
2,6,0.44374975,0.57222265,0.4640622499999999,0.66388935,31,23
2,6,0.44374975,0.57222265,0.4640622499999999,0.66388935,38,23
2,6,0.44374975,0.57222265,0.4640622499999999,0.66388935,44,23
2,6,0.97500025,0.56944445,0.99843775,0.6555555500000001,0,30
2,6,0.97500025,0.56944445,0.99843775,0.6555555500000001,6,30
2,6,0.97500025,0.56944445,0.99843775,0.6555555500000001,11,30
2,6,0.97500025,0.56944445,0.99843775,0.6555555500000001,17,30
2,6,0.97500025,0.56944445,0.99843775,0.6555555500000001,24,30
2,6,0.97500025,0.56944445,0.99843775,0.6555555500000001,31,30
2,6,0.97500025,0.56944445,0.99843775,0.6555555500000001,38,30
2,6,0.97500025,0.56944445,0.99843775,0.6555555500000001,44,30
2,6,0.9093755,0.5638885,0.9312505000000002,0.6777774999999999,0,24
2,6,0.9093755,0.5638885,0.9312505000000002,0.6777774999999999,6,24
2,6,0.9093755,0.5638885,0.9312505000000002,0.6777774999999999,11,24
2,6,0.9093755,0.5638885,0.9312505000000002,0.6777774999999999,17,24
2,6,0.9093755,0.5638885,0.9312505000000002,0.6777774999999999,24,24
2,6,0.9093755,0.5638885,0.9312505000000002,0.6777774999999999,31,24
2,6,0.9093755,0.5638885,0.9312505000000002,0.6777774999999999,38,24
2,6,0.9093755,0.5638885,0.9312505000000002,0.6777774999999999,44,24
2,6,0.4953127499999999,0.57777765,0.5156252499999999,0.66944435,0,25
2,6,0.4953127499999999,0.57777765,0.5156252499999999,0.66944435,6,25
2,6,0.4953127499999999,0.57777765,0.5156252499999999,0.66944435,11,25
2,6,0.4953127499999999,0.57777765,0.5156252499999999,0.66944435,17,25
2,6,0.4953127499999999,0.57777765,0.5156252499999999,0.66944435,24,25
2,6,0.4953127499999999,0.57777765,0.5156252499999999,0.66944435,31,25
2,6,0.4953127499999999,0.57777765,0.5156252499999999,0.66944435,38,25
2,6,0.4953127499999999,0.57777765,0.5156252499999999,0.66944435,44,25
2,6,0.265625,0.5805555,0.415625,0.9972225,0,10
2,6,0.265625,0.5805555,0.415625,0.9972225,6,10
2,6,0.265625,0.5805555,0.415625,0.9972225,11,10
2,6,0.265625,0.5805555,0.415625,0.9972225,17,10
2,6,0.265625,0.5805555,0.415625,0.9972225,24,10
2,6,0.265625,0.5805555,0.415625,0.9972225,31,10
2,6,0.265625,0.5805555,0.415625,0.9972225,38,10
2,6,0.265625,0.5805555,0.415625,0.9972225,44,10
2,6,0.51562475,0.619444,0.60468725,0.997222,0,15
2,6,0.51562475,0.619444,0.60468725,0.997222,6,15
2,6,0.51562475,0.619444,0.60468725,0.997222,11,15
2,6,0.51562475,0.619444,0.60468725,0.997222,17,15
2,6,0.51562475,0.619444,0.60468725,0.997222,24,15
2,6,0.51562475,0.619444,0.60468725,0.997222,31,15
2,6,0.51562475,0.619444,0.60468725,0.997222,38,15
2,6,0.51562475,0.619444,0.60468725,0.997222,44,15
2,7,0.4859375,0.5833338,0.5015625,0.6527782000000001,0,25
2,7,0.4859375,0.5833338,0.5015625,0.6527782000000001,6,25
2,7,0.4859375,0.5833338,0.5015625,0.6527782000000001,11,25
2,7,0.4859375,0.5833338,0.5015625,0.6527782000000001,17,25
2,7,0.4859375,0.5833338,0.5015625,0.6527782000000001,24,25
2,7,0.4859375,0.5833338,0.5015625,0.6527782000000001,31,25
2,7,0.4859375,0.5833338,0.5015625,0.6527782000000001,38,25
2,7,0.4859375,0.5833338,0.5015625,0.6527782000000001,44,25
2,7,0.45468775,0.5694445499999999,0.46875025,0.63333345,0,21
2,7,0.45468775,0.5694445499999999,0.46875025,0.63333345,6,21
2,7,0.45468775,0.5694445499999999,0.46875025,0.63333345,11,21
2,7,0.45468775,0.5694445499999999,0.46875025,0.63333345,17,21
2,7,0.45468775,0.5694445499999999,0.46875025,0.63333345,24,21
2,7,0.45468775,0.5694445499999999,0.46875025,0.63333345,31,21
2,7,0.45468775,0.5694445499999999,0.46875025,0.63333345,38,21
2,7,0.45468775,0.5694445499999999,0.46875025,0.63333345,44,21
2,7,0.33593725,0.580556,0.39062475,0.755556,0,8
2,7,0.33593725,0.580556,0.39062475,0.755556,6,8
2,7,0.33593725,0.580556,0.39062475,0.755556,11,8
2,7,0.33593725,0.580556,0.39062475,0.755556,17,8
2,7,0.33593725,0.580556,0.39062475,0.755556,24,8
2,7,0.33593725,0.580556,0.39062475,0.755556,31,8
2,7,0.33593725,0.580556,0.39062475,0.755556,38,8
2,7,0.33593725,0.580556,0.39062475,0.755556,44,8
2,7,0.432812,0.57222255,0.451562,0.6611114499999999,0,23
2,7,0.432812,0.57222255,0.451562,0.6611114499999999,6,23
2,7,0.432812,0.57222255,0.451562,0.6611114499999999,11,23
2,7,0.432812,0.57222255,0.451562,0.6611114499999999,17,23
2,7,0.432812,0.57222255,0.451562,0.6611114499999999,24,23
2,7,0.432812,0.57222255,0.451562,0.6611114499999999,31,23
2,7,0.432812,0.57222255,0.451562,0.6611114499999999,38,23
2,7,0.432812,0.57222255,0.451562,0.6611114499999999,44,23
2,7,0.2140625,0.566666,0.3718754999999999,0.997222,0,31
2,7,0.2140625,0.566666,0.3718754999999999,0.997222,6,31
2,7,0.2140625,0.566666,0.3718754999999999,0.997222,11,31
2,7,0.2140625,0.566666,0.3718754999999999,0.997222,17,31
2,7,0.2140625,0.566666,0.3718754999999999,0.997222,24,31
2,7,0.2140625,0.566666,0.3718754999999999,0.997222,31,31
2,7,0.2140625,0.566666,0.3718754999999999,0.997222,38,31
2,7,0.2140625,0.566666,0.3718754999999999,0.997222,44,31
2,7,0.470313,0.591666,0.551563,0.997222,0,15
2,7,0.470313,0.591666,0.551563,0.997222,6,15
2,7,0.470313,0.591666,0.551563,0.997222,11,15
2,7,0.470313,0.591666,0.551563,0.997222,17,15
2,7,0.470313,0.591666,0.551563,0.997222,24,15
2,7,0.470313,0.591666,0.551563,0.997222,31,15
2,7,0.470313,0.591666,0.551563,0.997222,38,15
2,7,0.470313,0.591666,0.551563,0.997222,44,15
3,1,0.478125,0.5361111,0.496875,0.6138889,0,0
3,1,0.478125,0.5361111,0.496875,0.6138889,6,0
3,1,0.478125,0.5361111,0.496875,0.6138889,11,0
3,1,0.478125,0.5361111,0.496875,0.6138889,17,0
3,1,0.478125,0.5361111,0.496875,0.6138889,24,0
3,1,0.478125,0.5361111,0.496875,0.6138889,31,0
3,1,0.478125,0.5361111,0.496875,0.6138889,38,0
3,1,0.478125,0.5361111,0.496875,0.6138889,44,0
3,1,0.38281275,0.530556,0.41562525,0.7,0,1
3,1,0.38281275,0.530556,0.41562525,0.7,6,1
3,1,0.38281275,0.530556,0.41562525,0.7,11,1
3,1,0.38281275,0.530556,0.41562525,0.7,17,1
3,1,0.38281275,0.530556,0.41562525,0.7,24,1
3,1,0.38281275,0.530556,0.41562525,0.7,31,1
3,1,0.38281275,0.530556,0.41562525,0.7,38,1
3,1,0.38281275,0.530556,0.41562525,0.7,44,1
3,1,0.4562502499999999,0.536111,0.47343775,0.611111,0,3
3,1,0.4562502499999999,0.536111,0.47343775,0.611111,6,3
3,1,0.4562502499999999,0.536111,0.47343775,0.611111,11,3
3,1,0.4562502499999999,0.536111,0.47343775,0.611111,17,3
3,1,0.4562502499999999,0.536111,0.47343775,0.611111,24,3
3,1,0.4562502499999999,0.536111,0.47343775,0.611111,31,3
3,1,0.4562502499999999,0.536111,0.47343775,0.611111,38,3
3,1,0.4562502499999999,0.536111,0.47343775,0.611111,44,3
3,1,0.4218752500000001,0.519444,0.45156275,0.6694439999999999,0,1
3,1,0.4218752500000001,0.519444,0.45156275,0.6694439999999999,6,1
3,1,0.4218752500000001,0.519444,0.45156275,0.6694439999999999,11,1
3,1,0.4218752500000001,0.519444,0.45156275,0.6694439999999999,17,1
3,1,0.4218752500000001,0.519444,0.45156275,0.6694439999999999,24,1
3,1,0.4218752500000001,0.519444,0.45156275,0.6694439999999999,31,1
3,1,0.4218752500000001,0.519444,0.45156275,0.6694439999999999,38,1
3,1,0.4218752500000001,0.519444,0.45156275,0.6694439999999999,44,1
3,2,0.4749995,0.5333333499999999,0.4906245,0.61666665,0,4
3,2,0.4749995,0.5333333499999999,0.4906245,0.61666665,6,4
3,2,0.4749995,0.5333333499999999,0.4906245,0.61666665,11,4
3,2,0.4749995,0.5333333499999999,0.4906245,0.61666665,17,4
3,2,0.4749995,0.5333333499999999,0.4906245,0.61666665,24,4
3,2,0.4749995,0.5333333499999999,0.4906245,0.61666665,31,4
3,2,0.4749995,0.5333333499999999,0.4906245,0.61666665,38,4
3,2,0.4749995,0.5333333499999999,0.4906245,0.61666665,44,4
3,2,0.48593775,0.54444465,0.50625025,0.63611135,0,5
3,2,0.48593775,0.54444465,0.50625025,0.63611135,6,5
3,2,0.48593775,0.54444465,0.50625025,0.63611135,11,5
3,2,0.48593775,0.54444465,0.50625025,0.63611135,17,5
3,2,0.48593775,0.54444465,0.50625025,0.63611135,24,5
3,2,0.48593775,0.54444465,0.50625025,0.63611135,31,5
3,2,0.48593775,0.54444465,0.50625025,0.63611135,38,5
3,2,0.48593775,0.54444465,0.50625025,0.63611135,44,5
3,2,0.379687,0.5361104999999999,0.410937,0.7027775,0,6
3,2,0.379687,0.5361104999999999,0.410937,0.7027775,6,6
3,2,0.379687,0.5361104999999999,0.410937,0.7027775,11,6
3,2,0.379687,0.5361104999999999,0.410937,0.7027775,17,6
3,2,0.379687,0.5361104999999999,0.410937,0.7027775,24,6
3,2,0.379687,0.5361104999999999,0.410937,0.7027775,31,6
3,2,0.379687,0.5361104999999999,0.410937,0.7027775,38,6
3,2,0.379687,0.5361104999999999,0.410937,0.7027775,44,6
3,2,0.453125,0.5333332,0.471875,0.6138888,0,3
3,2,0.453125,0.5333332,0.471875,0.6138888,6,3
3,2,0.453125,0.5333332,0.471875,0.6138888,11,3
3,2,0.453125,0.5333332,0.471875,0.6138888,17,3
3,2,0.453125,0.5333332,0.471875,0.6138888,24,3
3,2,0.453125,0.5333332,0.471875,0.6138888,31,3
3,2,0.453125,0.5333332,0.471875,0.6138888,38,3
3,2,0.453125,0.5333332,0.471875,0.6138888,44,3
3,2,0.4218747499999999,0.513889,0.44843725,0.663889,0,1
3,2,0.4218747499999999,0.513889,0.44843725,0.663889,6,1
3,2,0.4218747499999999,0.513889,0.44843725,0.663889,11,1
3,2,0.4218747499999999,0.513889,0.44843725,0.663889,17,1
3,2,0.4218747499999999,0.513889,0.44843725,0.663889,24,1
3,2,0.4218747499999999,0.513889,0.44843725,0.663889,31,1
3,2,0.4218747499999999,0.513889,0.44843725,0.663889,38,1
3,2,0.4218747499999999,0.513889,0.44843725,0.663889,44,1
3,3,0.47812525,0.53333355,0.4953127499999999,0.62222245,0,7
3,3,0.47812525,0.53333355,0.4953127499999999,0.62222245,6,7
3,3,0.47812525,0.53333355,0.4953127499999999,0.62222245,11,7
3,3,0.47812525,0.53333355,0.4953127499999999,0.62222245,17,7
3,3,0.47812525,0.53333355,0.4953127499999999,0.62222245,24,7
3,3,0.47812525,0.53333355,0.4953127499999999,0.62222245,31,7
3,3,0.47812525,0.53333355,0.4953127499999999,0.62222245,38,7
3,3,0.47812525,0.53333355,0.4953127499999999,0.62222245,44,7
3,3,0.5062500000000001,0.541667,0.53125,0.669445,0,8
3,3,0.5062500000000001,0.541667,0.53125,0.669445,6,8
3,3,0.5062500000000001,0.541667,0.53125,0.669445,11,8
3,3,0.5062500000000001,0.541667,0.53125,0.669445,17,8
3,3,0.5062500000000001,0.541667,0.53125,0.669445,24,8
3,3,0.5062500000000001,0.541667,0.53125,0.669445,31,8
3,3,0.5062500000000001,0.541667,0.53125,0.669445,38,8
3,3,0.5062500000000001,0.541667,0.53125,0.669445,44,8
3,3,0.382813,0.5333335,0.4140629999999999,0.6944445,0,6
3,3,0.382813,0.5333335,0.4140629999999999,0.6944445,6,6
3,3,0.382813,0.5333335,0.4140629999999999,0.6944445,11,6
3,3,0.382813,0.5333335,0.4140629999999999,0.6944445,17,6
3,3,0.382813,0.5333335,0.4140629999999999,0.6944445,24,6
3,3,0.382813,0.5333335,0.4140629999999999,0.6944445,31,6
3,3,0.382813,0.5333335,0.4140629999999999,0.6944445,38,6
3,3,0.382813,0.5333335,0.4140629999999999,0.6944445,44,6
3,3,0.45624975,0.53333345,0.4765622499999999,0.6194445500000001,0,3
3,3,0.45624975,0.53333345,0.4765622499999999,0.6194445500000001,6,3
3,3,0.45624975,0.53333345,0.4765622499999999,0.6194445500000001,11,3
3,3,0.45624975,0.53333345,0.4765622499999999,0.6194445500000001,17,3
3,3,0.45624975,0.53333345,0.4765622499999999,0.6194445500000001,24,3
3,3,0.45624975,0.53333345,0.4765622499999999,0.6194445500000001,31,3
3,3,0.45624975,0.53333345,0.4765622499999999,0.6194445500000001,38,3
3,3,0.45624975,0.53333345,0.4765622499999999,0.6194445500000001,44,3
3,3,0.41875025,0.516667,0.44218775,0.661111,0,1
3,3,0.41875025,0.516667,0.44218775,0.661111,6,1
3,3,0.41875025,0.516667,0.44218775,0.661111,11,1
3,3,0.41875025,0.516667,0.44218775,0.661111,17,1
3,3,0.41875025,0.516667,0.44218775,0.661111,24,1
3,3,0.41875025,0.516667,0.44218775,0.661111,31,1
3,3,0.41875025,0.516667,0.44218775,0.661111,38,1
3,3,0.41875025,0.516667,0.44218775,0.661111,44,1
3,4,0.4640627499999999,0.53055545,0.48437525,0.6166665499999999,0,3
3,4,0.4640627499999999,0.53055545,0.48437525,0.6166665499999999,6,3
3,4,0.4640627499999999,0.53055545,0.48437525,0.6166665499999999,11,3
3,4,0.4640627499999999,0.53055545,0.48437525,0.6166665499999999,17,3
3,4,0.4640627499999999,0.53055545,0.48437525,0.6166665499999999,24,3
3,4,0.4640627499999999,0.53055545,0.48437525,0.6166665499999999,31,3
3,4,0.4640627499999999,0.53055545,0.48437525,0.6166665499999999,38,3
3,4,0.4640627499999999,0.53055545,0.48437525,0.6166665499999999,44,3
3,4,0.485937,0.5277775,0.510937,0.6416664999999999,0,7
3,4,0.485937,0.5277775,0.510937,0.6416664999999999,6,7
3,4,0.485937,0.5277775,0.510937,0.6416664999999999,11,7
3,4,0.485937,0.5277775,0.510937,0.6416664999999999,17,7
3,4,0.485937,0.5277775,0.510937,0.6416664999999999,24,7
3,4,0.485937,0.5277775,0.510937,0.6416664999999999,31,7
3,4,0.485937,0.5277775,0.510937,0.6416664999999999,38,7
3,4,0.485937,0.5277775,0.510937,0.6416664999999999,44,7
3,4,0.4234375,0.5138885,0.4453125,0.6527775,0,1
3,4,0.4234375,0.5138885,0.4453125,0.6527775,6,1
3,4,0.4234375,0.5138885,0.4453125,0.6527775,11,1
3,4,0.4234375,0.5138885,0.4453125,0.6527775,17,1
3,4,0.4234375,0.5138885,0.4453125,0.6527775,24,1
3,4,0.4234375,0.5138885,0.4453125,0.6527775,31,1
3,4,0.4234375,0.5138885,0.4453125,0.6527775,38,1
3,4,0.4234375,0.5138885,0.4453125,0.6527775,44,1
3,4,0.4453129999999999,0.5222225500000001,0.464063,0.61111145,0,9
3,4,0.4453129999999999,0.5222225500000001,0.464063,0.61111145,6,9
3,4,0.4453129999999999,0.5222225500000001,0.464063,0.61111145,11,9
3,4,0.4453129999999999,0.5222225500000001,0.464063,0.61111145,17,9
3,4,0.4453129999999999,0.5222225500000001,0.464063,0.61111145,24,9
3,4,0.4453129999999999,0.5222225500000001,0.464063,0.61111145,31,9
3,4,0.4453129999999999,0.5222225500000001,0.464063,0.61111145,38,9
3,4,0.4453129999999999,0.5222225500000001,0.464063,0.61111145,44,9
3,4,0.53437525,0.5416665,0.5703127499999999,0.7249995,0,10
3,4,0.53437525,0.5416665,0.5703127499999999,0.7249995,6,10
3,4,0.53437525,0.5416665,0.5703127499999999,0.7249995,11,10
3,4,0.53437525,0.5416665,0.5703127499999999,0.7249995,17,10
3,4,0.53437525,0.5416665,0.5703127499999999,0.7249995,24,10
3,4,0.53437525,0.5416665,0.5703127499999999,0.7249995,31,10
3,4,0.53437525,0.5416665,0.5703127499999999,0.7249995,38,10
3,4,0.53437525,0.5416665,0.5703127499999999,0.7249995,44,10
3,4,0.3937495,0.516667,0.4281245,0.6888890000000001,0,6
3,4,0.3937495,0.516667,0.4281245,0.6888890000000001,6,6
3,4,0.3937495,0.516667,0.4281245,0.6888890000000001,11,6
3,4,0.3937495,0.516667,0.4281245,0.6888890000000001,17,6
3,4,0.3937495,0.516667,0.4281245,0.6888890000000001,24,6
3,4,0.3937495,0.516667,0.4281245,0.6888890000000001,31,6
3,4,0.3937495,0.516667,0.4281245,0.6888890000000001,38,6
3,4,0.3937495,0.516667,0.4281245,0.6888890000000001,44,6
3,5,0.4328127499999999,0.519445,0.45312525,0.666667,0,1
3,5,0.4328127499999999,0.519445,0.45312525,0.666667,6,1
3,5,0.4328127499999999,0.519445,0.45312525,0.666667,11,1
3,5,0.4328127499999999,0.519445,0.45312525,0.666667,17,1
3,5,0.4328127499999999,0.519445,0.45312525,0.666667,24,1
3,5,0.4328127499999999,0.519445,0.45312525,0.666667,31,1
3,5,0.4328127499999999,0.519445,0.45312525,0.666667,38,1
3,5,0.4328127499999999,0.519445,0.45312525,0.666667,44,1
3,5,0.47500025,0.5416671,0.4921877500000001,0.6194449,0,3
3,5,0.47500025,0.5416671,0.4921877500000001,0.6194449,6,3
3,5,0.47500025,0.5416671,0.4921877500000001,0.6194449,11,3
3,5,0.47500025,0.5416671,0.4921877500000001,0.6194449,17,3
3,5,0.47500025,0.5416671,0.4921877500000001,0.6194449,24,3
3,5,0.47500025,0.5416671,0.4921877500000001,0.6194449,31,3
3,5,0.47500025,0.5416671,0.4921877500000001,0.6194449,38,3
3,5,0.47500025,0.5416671,0.4921877500000001,0.6194449,44,3
3,5,0.4062497499999999,0.5277775,0.43906225,0.6888885,0,6
3,5,0.4062497499999999,0.5277775,0.43906225,0.6888885,6,6
3,5,0.4062497499999999,0.5277775,0.43906225,0.6888885,11,6
3,5,0.4062497499999999,0.5277775,0.43906225,0.6888885,17,6
3,5,0.4062497499999999,0.5277775,0.43906225,0.6888885,24,6
3,5,0.4062497499999999,0.5277775,0.43906225,0.6888885,31,6
3,5,0.4062497499999999,0.5277775,0.43906225,0.6888885,38,6
3,5,0.4062497499999999,0.5277775,0.43906225,0.6888885,44,6
3,5,0.501562,0.522222,0.539062,0.6944440000000001,0,11
3,5,0.501562,0.522222,0.539062,0.6944440000000001,6,11
3,5,0.501562,0.522222,0.539062,0.6944440000000001,11,11
3,5,0.501562,0.522222,0.539062,0.6944440000000001,17,11
3,5,0.501562,0.522222,0.539062,0.6944440000000001,24,11
3,5,0.501562,0.522222,0.539062,0.6944440000000001,31,11
3,5,0.501562,0.522222,0.539062,0.6944440000000001,38,11
3,5,0.501562,0.522222,0.539062,0.6944440000000001,44,11
3,5,0.5968749999999999,0.538889,0.678125,0.911111,0,12
3,5,0.5968749999999999,0.538889,0.678125,0.911111,6,12
3,5,0.5968749999999999,0.538889,0.678125,0.911111,11,12
3,5,0.5968749999999999,0.538889,0.678125,0.911111,17,12
3,5,0.5968749999999999,0.538889,0.678125,0.911111,24,12
3,5,0.5968749999999999,0.538889,0.678125,0.911111,31,12
3,5,0.5968749999999999,0.538889,0.678125,0.911111,38,12
3,5,0.5968749999999999,0.538889,0.678125,0.911111,44,12
3,6,0.42968775,0.5277775,0.46250025,0.6861105000000001,0,6
3,6,0.42968775,0.5277775,0.46250025,0.6861105000000001,6,6
3,6,0.42968775,0.5277775,0.46250025,0.6861105000000001,11,6
3,6,0.42968775,0.5277775,0.46250025,0.6861105000000001,17,6
3,6,0.42968775,0.5277775,0.46250025,0.6861105000000001,24,6
3,6,0.42968775,0.5277775,0.46250025,0.6861105000000001,31,6
3,6,0.42968775,0.5277775,0.46250025,0.6861105000000001,38,6
3,6,0.42968775,0.5277775,0.46250025,0.6861105000000001,44,6
3,6,0.482813,0.5444441,0.501563,0.6222219,0,3
3,6,0.482813,0.5444441,0.501563,0.6222219,6,3
3,6,0.482813,0.5444441,0.501563,0.6222219,11,3
3,6,0.482813,0.5444441,0.501563,0.6222219,17,3
3,6,0.482813,0.5444441,0.501563,0.6222219,24,3
3,6,0.482813,0.5444441,0.501563,0.6222219,31,3
3,6,0.482813,0.5444441,0.501563,0.6222219,38,3
3,6,0.482813,0.5444441,0.501563,0.6222219,44,3
3,6,0.53437525,0.5222224999999999,0.58906275,0.7638895,0,13
3,6,0.53437525,0.5222224999999999,0.58906275,0.7638895,6,13
3,6,0.53437525,0.5222224999999999,0.58906275,0.7638895,11,13
3,6,0.53437525,0.5222224999999999,0.58906275,0.7638895,17,13
3,6,0.53437525,0.5222224999999999,0.58906275,0.7638895,24,13
3,6,0.53437525,0.5222224999999999,0.58906275,0.7638895,31,13
3,6,0.53437525,0.5222224999999999,0.58906275,0.7638895,38,13
3,6,0.53437525,0.5222224999999999,0.58906275,0.7638895,44,13
3,7,0.48125025,0.5555557999999999,0.49843775,0.6250002,0,3
3,7,0.48125025,0.5555557999999999,0.49843775,0.6250002,6,3
3,7,0.48125025,0.5555557999999999,0.49843775,0.6250002,11,3
3,7,0.48125025,0.5555557999999999,0.49843775,0.6250002,17,3
3,7,0.48125025,0.5555557999999999,0.49843775,0.6250002,24,3
3,7,0.48125025,0.5555557999999999,0.49843775,0.6250002,31,3
3,7,0.48125025,0.5555557999999999,0.49843775,0.6250002,38,3
3,7,0.48125025,0.5555557999999999,0.49843775,0.6250002,44,3
3,7,0.44531275,0.5333335,0.4718752499999999,0.6666664999999999,0,6
3,7,0.44531275,0.5333335,0.4718752499999999,0.6666664999999999,6,6
3,7,0.44531275,0.5333335,0.4718752499999999,0.6666664999999999,11,6
3,7,0.44531275,0.5333335,0.4718752499999999,0.6666664999999999,17,6
3,7,0.44531275,0.5333335,0.4718752499999999,0.6666664999999999,24,6
3,7,0.44531275,0.5333335,0.4718752499999999,0.6666664999999999,31,6
3,7,0.44531275,0.5333335,0.4718752499999999,0.6666664999999999,38,6
3,7,0.44531275,0.5333335,0.4718752499999999,0.6666664999999999,44,6
3,7,0.65156225,0.513889,0.7437497500000001,0.983333,0,14
3,7,0.65156225,0.513889,0.7437497500000001,0.983333,6,14
3,7,0.65156225,0.513889,0.7437497500000001,0.983333,11,14
3,7,0.65156225,0.513889,0.7437497500000001,0.983333,17,14
3,7,0.65156225,0.513889,0.7437497500000001,0.983333,24,14
3,7,0.65156225,0.513889,0.7437497500000001,0.983333,31,14
3,7,0.65156225,0.513889,0.7437497500000001,0.983333,38,14
3,7,0.65156225,0.513889,0.7437497500000001,0.983333,44,14
