video_name,frame_id,x1,y1,x2,y2,action_id
1,2,0.9109377500000001,0.591667,0.93125025,0.666667,1
1,2,0.9109377500000001,0.591667,0.93125025,0.666667,7
1,2,0.9109377500000001,0.591667,0.93125025,0.666667,12
1,2,0.9109377500000001,0.591667,0.93125025,0.666667,18
1,2,0.9109377500000001,0.591667,0.93125025,0.666667,25
1,2,0.9109377500000001,0.591667,0.93125025,0.666667,32
1,2,0.9109377500000001,0.591667,0.93125025,0.666667,39
1,2,0.9109377500000001,0.591667,0.93125025,0.666667,45
1,2,0.52499975,0.608333,0.55156225,0.7388889999999999,1
1,2,0.52499975,0.608333,0.55156225,0.7388889999999999,7
1,2,0.52499975,0.608333,0.55156225,0.7388889999999999,12
1,2,0.52499975,0.608333,0.55156225,0.7388889999999999,18
1,2,0.52499975,0.608333,0.55156225,0.7388889999999999,25
1,2,0.52499975,0.608333,0.55156225,0.7388889999999999,32
1,2,0.52499975,0.608333,0.55156225,0.7388889999999999,39
1,2,0.52499975,0.608333,0.55156225,0.7388889999999999,45
1,2,0.7781247499999999,0.6222222000000001,0.79218725,0.6777778,1
1,2,0.7781247499999999,0.6222222000000001,0.79218725,0.6777778,7
1,2,0.7781247499999999,0.6222222000000001,0.79218725,0.6777778,12
1,2,0.7781247499999999,0.6222222000000001,0.79218725,0.6777778,18
1,2,0.7781247499999999,0.6222222000000001,0.79218725,0.6777778,25
1,2,0.7781247499999999,0.6222222000000001,0.79218725,0.6777778,32
1,2,0.7781247499999999,0.6222222000000001,0.79218725,0.6777778,39
1,2,0.7781247499999999,0.6222222000000001,0.79218725,0.6777778,45
1,2,0.442187,0.5972219,0.46093700000000004,0.6944441,1
1,2,0.442187,0.5972219,0.46093700000000004,0.6944441,7
1,2,0.442187,0.5972219,0.46093700000000004,0.6944441,12
1,2,0.442187,0.5972219,0.46093700000000004,0.6944441,18
1,2,0.442187,0.5972219,0.46093700000000004,0.6944441,25
1,2,0.442187,0.5972219,0.46093700000000004,0.6944441,32
1,2,0.442187,0.5972219,0.46093700000000004,0.6944441,39
1,2,0.442187,0.5972219,0.46093700000000004,0.6944441,45
1,2,0.14843800000000001,0.605555,0.198438,0.8111109999999999,1
1,2,0.14843800000000001,0.605555,0.198438,0.8111109999999999,7
1,2,0.14843800000000001,0.605555,0.198438,0.8111109999999999,12
1,2,0.14843800000000001,0.605555,0.198438,0.8111109999999999,18
1,2,0.14843800000000001,0.605555,0.198438,0.8111109999999999,25
1,2,0.14843800000000001,0.605555,0.198438,0.8111109999999999,32
1,2,0.14843800000000001,0.605555,0.198438,0.8111109999999999,39
1,2,0.14843800000000001,0.605555,0.198438,0.8111109999999999,45
1,2,0.5156255,0.647222,0.6203124999999999,0.997222,1
1,2,0.5156255,0.647222,0.6203124999999999,0.997222,7
1,2,0.5156255,0.647222,0.6203124999999999,0.997222,12
1,2,0.5156255,0.647222,0.6203124999999999,0.997222,18
1,2,0.5156255,0.647222,0.6203124999999999,0.997222,25
1,2,0.5156255,0.647222,0.6203124999999999,0.997222,32
1,2,0.5156255,0.647222,0.6203124999999999,0.997222,39
1,2,0.5156255,0.647222,0.6203124999999999,0.997222,45
1,2,0.006250199999999997,0.605556,0.1578122,1,1
1,2,0.006250199999999997,0.605556,0.1578122,1,7
1,2,0.006250199999999997,0.605556,0.1578122,1,12
1,2,0.006250199999999997,0.605556,0.1578122,1,18
1,2,0.006250199999999997,0.605556,0.1578122,1,25
1,2,0.006250199999999997,0.605556,0.1578122,1,32
1,2,0.006250199999999997,0.605556,0.1578122,1,39
1,2,0.006250199999999997,0.605556,0.1578122,1,45
1,2,0.4359375,0.663889,0.5015625,0.9388890000000001,1
1,2,0.4359375,0.663889,0.5015625,0.9388890000000001,7
1,2,0.4359375,0.663889,0.5015625,0.9388890000000001,12
1,2,0.4359375,0.663889,0.5015625,0.9388890000000001,13
1,2,0.4359375,0.663889,0.5015625,0.9388890000000001,18
1,2,0.4359375,0.663889,0.5015625,0.9388890000000001,19
1,2,0.4359375,0.663889,0.5015625,0.9388890000000001,25
1,2,0.4359375,0.663889,0.5015625,0.9388890000000001,28
1,2,0.4359375,0.663889,0.5015625,0.9388890000000001,32
1,2,0.4359375,0.663889,0.5015625,0.9388890000000001,39
1,2,0.4359375,0.663889,0.5015625,0.9388890000000001,45
1,2,0.1875005,0.622222,0.29687549999999996,1,1
1,2,0.1875005,0.622222,0.29687549999999996,1,7
1,2,0.1875005,0.622222,0.29687549999999996,1,8
1,2,0.1875005,0.622222,0.29687549999999996,1,12
1,2,0.1875005,0.622222,0.29687549999999996,1,14
1,2,0.1875005,0.622222,0.29687549999999996,1,18
1,2,0.1875005,0.622222,0.29687549999999996,1,20
1,2,0.1875005,0.622222,0.29687549999999996,1,25
1,2,0.1875005,0.622222,0.29687549999999996,1,27
1,2,0.1875005,0.622222,0.29687549999999996,1,32
1,2,0.1875005,0.622222,0.29687549999999996,1,39
1,2,0.1875005,0.622222,0.29687549999999996,1,45
1,2,0.328125,0.627778,0.37812500000000004,0.855556,1
1,2,0.328125,0.627778,0.37812500000000004,0.855556,7
1,2,0.328125,0.627778,0.37812500000000004,0.855556,12
1,2,0.328125,0.627778,0.37812500000000004,0.855556,18
1,2,0.328125,0.627778,0.37812500000000004,0.855556,25
1,2,0.328125,0.627778,0.37812500000000004,0.855556,32
1,2,0.328125,0.627778,0.37812500000000004,0.855556,39
1,2,0.328125,0.627778,0.37812500000000004,0.855556,45
1,2,0.7859375,0.666666,0.9625005,0.997222,1
1,2,0.7859375,0.666666,0.9625005,0.997222,7
1,2,0.7859375,0.666666,0.9625005,0.997222,12
1,2,0.7859375,0.666666,0.9625005,0.997222,18
1,2,0.7859375,0.666666,0.9625005,0.997222,25
1,2,0.7859375,0.666666,0.9625005,0.997222,32
1,2,0.7859375,0.666666,0.9625005,0.997222,39
1,2,0.7859375,0.666666,0.9625005,0.997222,45
1,2,0.373437,0.6,0.41718700000000003,0.830556,1
1,2,0.373437,0.6,0.41718700000000003,0.830556,7
1,2,0.373437,0.6,0.41718700000000003,0.830556,12
1,2,0.373437,0.6,0.41718700000000003,0.830556,18
1,2,0.373437,0.6,0.41718700000000003,0.830556,25
1,2,0.373437,0.6,0.41718700000000003,0.830556,32
1,2,0.373437,0.6,0.41718700000000003,0.830556,39
1,2,0.373437,0.6,0.41718700000000003,0.830556,45
1,2,0.6000000000000001,0.6,0.78125,0.994444,1
1,2,0.6000000000000001,0.6,0.78125,0.994444,7
1,2,0.6000000000000001,0.6,0.78125,0.994444,12
1,2,0.6000000000000001,0.6,0.78125,0.994444,18
1,2,0.6000000000000001,0.6,0.78125,0.994444,25
1,2,0.6000000000000001,0.6,0.78125,0.994444,32
1,2,0.6000000000000001,0.6,0.78125,0.994444,39
1,2,0.6000000000000001,0.6,0.78125,0.994444,45
1,3,0.803125,0.6166662,0.815625,0.6722218,1
1,3,0.803125,0.6166662,0.815625,0.6722218,7
1,3,0.803125,0.6166662,0.815625,0.6722218,12
1,3,0.803125,0.6166662,0.815625,0.6722218,18
1,3,0.803125,0.6166662,0.815625,0.6722218,25
1,3,0.803125,0.6166662,0.815625,0.6722218,32
1,3,0.803125,0.6166662,0.815625,0.6722218,39
1,3,0.803125,0.6166662,0.815625,0.6722218,45
1,3,0,0.605556,0.021875,0.8,1
1,3,0,0.605556,0.021875,0.8,7
1,3,0,0.605556,0.021875,0.8,12
1,3,0,0.605556,0.021875,0.8,18
1,3,0,0.605556,0.021875,0.8,25
1,3,0,0.605556,0.021875,0.8,32
1,3,0,0.605556,0.021875,0.8,39
1,3,0,0.605556,0.021875,0.8,45
1,3,0.6640627499999999,0.594444,0.67812525,0.6694439999999999,1
1,3,0.6640627499999999,0.594444,0.67812525,0.6694439999999999,7
1,3,0.6640627499999999,0.594444,0.67812525,0.6694439999999999,12
1,3,0.6640627499999999,0.594444,0.67812525,0.6694439999999999,18
1,3,0.6640627499999999,0.594444,0.67812525,0.6694439999999999,25
1,3,0.6640627499999999,0.594444,0.67812525,0.6694439999999999,32
1,3,0.6640627499999999,0.594444,0.67812525,0.6694439999999999,39
1,3,0.6640627499999999,0.594444,0.67812525,0.6694439999999999,45
1,3,0.692188,0.6138892,0.704688,0.6694448,1
1,3,0.692188,0.6138892,0.704688,0.6694448,7
1,3,0.692188,0.6138892,0.704688,0.6694448,12
1,3,0.692188,0.6138892,0.704688,0.6694448,18
1,3,0.692188,0.6138892,0.704688,0.6694448,25
1,3,0.692188,0.6138892,0.704688,0.6694448,32
1,3,0.692188,0.6138892,0.704688,0.6694448,39
1,3,0.692188,0.6138892,0.704688,0.6694448,45
1,3,0.64062475,0.5972219000000001,0.65468725,0.6694441,1
1,3,0.64062475,0.5972219000000001,0.65468725,0.6694441,7
1,3,0.64062475,0.5972219000000001,0.65468725,0.6694441,12
1,3,0.64062475,0.5972219000000001,0.65468725,0.6694441,18
1,3,0.64062475,0.5972219000000001,0.65468725,0.6694441,25
1,3,0.64062475,0.5972219000000001,0.65468725,0.6694441,32
1,3,0.64062475,0.5972219000000001,0.65468725,0.6694441,39
1,3,0.64062475,0.5972219000000001,0.65468725,0.6694441,45
1,3,0.05156255,0.6166665,0.12187505000000001,0.9027775000000001,1
1,3,0.05156255,0.6166665,0.12187505000000001,0.9027775000000001,7
1,3,0.05156255,0.6166665,0.12187505000000001,0.9027775000000001,12
1,3,0.05156255,0.6166665,0.12187505000000001,0.9027775000000001,18
1,3,0.05156255,0.6166665,0.12187505000000001,0.9027775000000001,25
1,3,0.05156255,0.6166665,0.12187505000000001,0.9027775000000001,32
1,3,0.05156255,0.6166665,0.12187505000000001,0.9027775000000001,39
1,3,0.05156255,0.6166665,0.12187505000000001,0.9027775000000001,45
1,3,0.7812495,0.602778,0.7968745,0.677778,1
1,3,0.7812495,0.602778,0.7968745,0.677778,7
1,3,0.7812495,0.602778,0.7968745,0.677778,12
1,3,0.7812495,0.602778,0.7968745,0.677778,18
1,3,0.7812495,0.602778,0.7968745,0.677778,25
1,3,0.7812495,0.602778,0.7968745,0.677778,32
1,3,0.7812495,0.602778,0.7968745,0.677778,39
1,3,0.7812495,0.602778,0.7968745,0.677778,45
1,3,0.71406275,0.60277745,0.7281252500000001,0.66388855,1
1,3,0.71406275,0.60277745,0.7281252500000001,0.66388855,7
1,3,0.71406275,0.60277745,0.7281252500000001,0.66388855,12
1,3,0.71406275,0.60277745,0.7281252500000001,0.66388855,18
1,3,0.71406275,0.60277745,0.7281252500000001,0.66388855,25
1,3,0.71406275,0.60277745,0.7281252500000001,0.66388855,32
1,3,0.71406275,0.60277745,0.7281252500000001,0.66388855,39
1,3,0.71406275,0.60277745,0.7281252500000001,0.66388855,45
1,3,0.07656275,0.6194439999999999,0.14687525,0.9472219999999999,1
1,3,0.07656275,0.6194439999999999,0.14687525,0.9472219999999999,7
1,3,0.07656275,0.6194439999999999,0.14687525,0.9472219999999999,12
1,3,0.07656275,0.6194439999999999,0.14687525,0.9472219999999999,18
1,3,0.07656275,0.6194439999999999,0.14687525,0.9472219999999999,25
1,3,0.07656275,0.6194439999999999,0.14687525,0.9472219999999999,32
1,3,0.07656275,0.6194439999999999,0.14687525,0.9472219999999999,39
1,3,0.07656275,0.6194439999999999,0.14687525,0.9472219999999999,45
1,3,0.42499950000000003,0.6027775000000001,0.4468745,0.7166665,1
1,3,0.42499950000000003,0.6027775000000001,0.4468745,0.7166665,7
1,3,0.42499950000000003,0.6027775000000001,0.4468745,0.7166665,12
1,3,0.42499950000000003,0.6027775000000001,0.4468745,0.7166665,18
1,3,0.42499950000000003,0.6027775000000001,0.4468745,0.7166665,25
1,3,0.42499950000000003,0.6027775000000001,0.4468745,0.7166665,32
1,3,0.42499950000000003,0.6027775000000001,0.4468745,0.7166665,39
1,3,0.42499950000000003,0.6027775000000001,0.4468745,0.7166665,45
1,3,0.19531275,0.6194442,0.21562525000000005,0.6999998000000001,1
1,3,0.19531275,0.6194442,0.21562525000000005,0.6999998000000001,7
1,3,0.19531275,0.6194442,0.21562525000000005,0.6999998000000001,12
1,3,0.19531275,0.6194442,0.21562525000000005,0.6999998000000001,18
1,3,0.19531275,0.6194442,0.21562525000000005,0.6999998000000001,25
1,3,0.19531275,0.6194442,0.21562525000000005,0.6999998000000001,32
1,3,0.19531275,0.6194442,0.21562525000000005,0.6999998000000001,39
1,3,0.19531275,0.6194442,0.21562525000000005,0.6999998000000001,45
1,3,0.3796875,0.605555,0.4203125,0.886111,1
1,3,0.3796875,0.605555,0.4203125,0.886111,7
1,3,0.3796875,0.605555,0.4203125,0.886111,12
1,3,0.3796875,0.605555,0.4203125,0.886111,18
1,3,0.3796875,0.605555,0.4203125,0.886111,25
1,3,0.3796875,0.605555,0.4203125,0.886111,32
1,3,0.3796875,0.605555,0.4203125,0.886111,39
1,3,0.3796875,0.605555,0.4203125,0.886111,45
1,3,0.09218749999999999,0.6333335,0.2500005,0.9944445000000001,1
1,3,0.09218749999999999,0.6333335,0.2500005,0.9944445000000001,7
1,3,0.09218749999999999,0.6333335,0.2500005,0.9944445000000001,12
1,3,0.09218749999999999,0.6333335,0.2500005,0.9944445000000001,18
1,3,0.09218749999999999,0.6333335,0.2500005,0.9944445000000001,25
1,3,0.09218749999999999,0.6333335,0.2500005,0.9944445000000001,32
1,3,0.09218749999999999,0.6333335,0.2500005,0.9944445000000001,39
1,3,0.09218749999999999,0.6333335,0.2500005,0.9944445000000001,45
1,3,0.5250002500000001,0.6333329999999999,0.56093775,0.838889,1
1,3,0.5250002500000001,0.6333329999999999,0.56093775,0.838889,7
1,3,0.5250002500000001,0.6333329999999999,0.56093775,0.838889,12
1,3,0.5250002500000001,0.6333329999999999,0.56093775,0.838889,18
1,3,0.5250002500000001,0.6333329999999999,0.56093775,0.838889,25
1,3,0.5250002500000001,0.6333329999999999,0.56093775,0.838889,32
1,3,0.5250002500000001,0.6333329999999999,0.56093775,0.838889,39
1,3,0.5250002500000001,0.6333329999999999,0.56093775,0.838889,45
1,3,0.24687549999999997,0.6250005000000001,0.3062505,0.8611114999999999,1
1,3,0.24687549999999997,0.6250005000000001,0.3062505,0.8611114999999999,7
1,3,0.24687549999999997,0.6250005000000001,0.3062505,0.8611114999999999,12
1,3,0.24687549999999997,0.6250005000000001,0.3062505,0.8611114999999999,18
1,3,0.24687549999999997,0.6250005000000001,0.3062505,0.8611114999999999,25
1,3,0.24687549999999997,0.6250005000000001,0.3062505,0.8611114999999999,32
1,3,0.24687549999999997,0.6250005000000001,0.3062505,0.8611114999999999,39
1,3,0.24687549999999997,0.6250005000000001,0.3062505,0.8611114999999999,45
1,3,0.44062475,0.658333,0.50468725,0.9388890000000001,1
1,3,0.44062475,0.658333,0.50468725,0.9388890000000001,7
1,3,0.44062475,0.658333,0.50468725,0.9388890000000001,12
1,3,0.44062475,0.658333,0.50468725,0.9388890000000001,18
1,3,0.44062475,0.658333,0.50468725,0.9388890000000001,25
1,3,0.44062475,0.658333,0.50468725,0.9388890000000001,32
1,3,0.44062475,0.658333,0.50468725,0.9388890000000001,39
1,3,0.44062475,0.658333,0.50468725,0.9388890000000001,45
1,3,0.33281275,0.6333329999999999,0.40312525,0.9333329999999999,1
1,3,0.33281275,0.6333329999999999,0.40312525,0.9333329999999999,7
1,3,0.33281275,0.6333329999999999,0.40312525,0.9333329999999999,12
1,3,0.33281275,0.6333329999999999,0.40312525,0.9333329999999999,18
1,3,0.33281275,0.6333329999999999,0.40312525,0.9333329999999999,25
1,3,0.33281275,0.6333329999999999,0.40312525,0.9333329999999999,32
1,3,0.33281275,0.6333329999999999,0.40312525,0.9333329999999999,39
1,3,0.33281275,0.6333329999999999,0.40312525,0.9333329999999999,45
1,3,0.54218775,0.619445,0.6250002499999999,0.9388890000000001,1
1,3,0.54218775,0.619445,0.6250002499999999,0.9388890000000001,7
1,3,0.54218775,0.619445,0.6250002499999999,0.9388890000000001,12
1,3,0.54218775,0.619445,0.6250002499999999,0.9388890000000001,18
1,3,0.54218775,0.619445,0.6250002499999999,0.9388890000000001,25
1,3,0.54218775,0.619445,0.6250002499999999,0.9388890000000001,32
1,3,0.54218775,0.619445,0.6250002499999999,0.9388890000000001,39
1,3,0.54218775,0.619445,0.6250002499999999,0.9388890000000001,45
1,3,0.7375,0.6861115,0.8765620000000001,0.9944445000000001,1
1,3,0.7375,0.6861115,0.8765620000000001,0.9944445000000001,7
1,3,0.7375,0.6861115,0.8765620000000001,0.9944445000000001,12
1,3,0.7375,0.6861115,0.8765620000000001,0.9944445000000001,18
1,3,0.7375,0.6861115,0.8765620000000001,0.9944445000000001,25
1,3,0.7375,0.6861115,0.8765620000000001,0.9944445000000001,32
1,3,0.7375,0.6861115,0.8765620000000001,0.9944445000000001,39
1,3,0.7375,0.6861115,0.8765620000000001,0.9944445000000001,45
1,4,0.37031224999999995,0.6194445000000001,0.41249975,0.7833335,1
1,4,0.37031224999999995,0.6194445000000001,0.41249975,0.7833335,7
1,4,0.37031224999999995,0.6194445000000001,0.41249975,0.7833335,12
1,4,0.37031224999999995,0.6194445000000001,0.41249975,0.7833335,18
1,4,0.37031224999999995,0.6194445000000001,0.41249975,0.7833335,25
1,4,0.37031224999999995,0.6194445000000001,0.41249975,0.7833335,32
1,4,0.37031224999999995,0.6194445000000001,0.41249975,0.7833335,39
1,4,0.37031224999999995,0.6194445000000001,0.41249975,0.7833335,45
1,4,0.6109375,0.60833335,0.6265625,0.6666666499999999,1
1,4,0.6109375,0.60833335,0.6265625,0.6666666499999999,7
1,4,0.6109375,0.60833335,0.6265625,0.6666666499999999,12
1,4,0.6109375,0.60833335,0.6265625,0.6666666499999999,18
1,4,0.6109375,0.60833335,0.6265625,0.6666666499999999,25
1,4,0.6109375,0.60833335,0.6265625,0.6666666499999999,32
1,4,0.6109375,0.60833335,0.6265625,0.6666666499999999,39
1,4,0.6109375,0.60833335,0.6265625,0.6666666499999999,45
1,4,0.7843755,0.605556,0.8000005,0.6805559999999999,1
1,4,0.7843755,0.605556,0.8000005,0.6805559999999999,7
1,4,0.7843755,0.605556,0.8000005,0.6805559999999999,12
1,4,0.7843755,0.605556,0.8000005,0.6805559999999999,18
1,4,0.7843755,0.605556,0.8000005,0.6805559999999999,25
1,4,0.7843755,0.605556,0.8000005,0.6805559999999999,32
1,4,0.7843755,0.605556,0.8000005,0.6805559999999999,39
1,4,0.7843755,0.605556,0.8000005,0.6805559999999999,45
1,4,0.92187525,0.5944448,0.94531275,0.6888892,1
1,4,0.92187525,0.5944448,0.94531275,0.6888892,7
1,4,0.92187525,0.5944448,0.94531275,0.6888892,12
1,4,0.92187525,0.5944448,0.94531275,0.6888892,18
1,4,0.92187525,0.5944448,0.94531275,0.6888892,25
1,4,0.92187525,0.5944448,0.94531275,0.6888892,32
1,4,0.92187525,0.5944448,0.94531275,0.6888892,39
1,4,0.92187525,0.5944448,0.94531275,0.6888892,45
1,4,0.053125,0.613889,0.1125,0.908333,1
1,4,0.053125,0.613889,0.1125,0.908333,7
1,4,0.053125,0.613889,0.1125,0.908333,12
1,4,0.053125,0.613889,0.1125,0.908333,18
1,4,0.053125,0.613889,0.1125,0.908333,25
1,4,0.053125,0.613889,0.1125,0.908333,32
1,4,0.053125,0.613889,0.1125,0.908333,39
1,4,0.053125,0.613889,0.1125,0.908333,45
1,4,0,0.6055554999999999,0.025,0.8138885,1
1,4,0,0.6055554999999999,0.025,0.8138885,7
1,4,0,0.6055554999999999,0.025,0.8138885,12
1,4,0,0.6055554999999999,0.025,0.8138885,18
1,4,0,0.6055554999999999,0.025,0.8138885,25
1,4,0,0.6055554999999999,0.025,0.8138885,32
1,4,0,0.6055554999999999,0.025,0.8138885,39
1,4,0,0.6055554999999999,0.025,0.8138885,45
1,4,0.18125025,0.6194440999999999,0.19843775000000002,0.6972219,1
1,4,0.18125025,0.6194440999999999,0.19843775000000002,0.6972219,7
1,4,0.18125025,0.6194440999999999,0.19843775000000002,0.6972219,12
1,4,0.18125025,0.6194440999999999,0.19843775000000002,0.6972219,18
1,4,0.18125025,0.6194440999999999,0.19843775000000002,0.6972219,25
1,4,0.18125025,0.6194440999999999,0.19843775000000002,0.6972219,32
1,4,0.18125025,0.6194440999999999,0.19843775000000002,0.6972219,39
1,4,0.18125025,0.6194440999999999,0.19843775000000002,0.6972219,45
1,4,0.52656225,0.638889,0.56249975,0.8416669999999999,1
1,4,0.52656225,0.638889,0.56249975,0.8416669999999999,7
1,4,0.52656225,0.638889,0.56249975,0.8416669999999999,12
1,4,0.52656225,0.638889,0.56249975,0.8416669999999999,18
1,4,0.52656225,0.638889,0.56249975,0.8416669999999999,25
1,4,0.52656225,0.638889,0.56249975,0.8416669999999999,32
1,4,0.52656225,0.638889,0.56249975,0.8416669999999999,39
1,4,0.52656225,0.638889,0.56249975,0.8416669999999999,45
1,4,0.08906275000000001,0.619445,0.16562525,0.9138889999999998,1
1,4,0.08906275000000001,0.619445,0.16562525,0.9138889999999998,7
1,4,0.08906275000000001,0.619445,0.16562525,0.9138889999999998,12
1,4,0.08906275000000001,0.619445,0.16562525,0.9138889999999998,18
1,4,0.08906275000000001,0.619445,0.16562525,0.9138889999999998,25
1,4,0.08906275000000001,0.619445,0.16562525,0.9138889999999998,32
1,4,0.08906275000000001,0.619445,0.16562525,0.9138889999999998,39
1,4,0.08906275000000001,0.619445,0.16562525,0.9138889999999998,45
1,4,0.446875,0.658333,0.509375,0.9361109999999999,1
1,4,0.446875,0.658333,0.509375,0.9361109999999999,7
1,4,0.446875,0.658333,0.509375,0.9361109999999999,12
1,4,0.446875,0.658333,0.509375,0.9361109999999999,18
1,4,0.446875,0.658333,0.509375,0.9361109999999999,25
1,4,0.446875,0.658333,0.509375,0.9361109999999999,32
1,4,0.446875,0.658333,0.509375,0.9361109999999999,39
1,4,0.446875,0.658333,0.509375,0.9361109999999999,45
1,4,0.30468724999999997,0.6194445,0.35312475,0.8305555,1
1,4,0.30468724999999997,0.6194445,0.35312475,0.8305555,7
1,4,0.30468724999999997,0.6194445,0.35312475,0.8305555,12
1,4,0.30468724999999997,0.6194445,0.35312475,0.8305555,18
1,4,0.30468724999999997,0.6194445,0.35312475,0.8305555,25
1,4,0.30468724999999997,0.6194445,0.35312475,0.8305555,32
1,4,0.30468724999999997,0.6194445,0.35312475,0.8305555,39
1,4,0.30468724999999997,0.6194445,0.35312475,0.8305555,45
1,4,0.38593775,0.6388895,0.46875025,0.9972225000000001,1
1,4,0.38593775,0.6388895,0.46875025,0.9972225000000001,7
1,4,0.38593775,0.6388895,0.46875025,0.9972225000000001,12
1,4,0.38593775,0.6388895,0.46875025,0.9972225000000001,18
1,4,0.38593775,0.6388895,0.46875025,0.9972225000000001,25
1,4,0.38593775,0.6388895,0.46875025,0.9972225000000001,32
1,4,0.38593775,0.6388895,0.46875025,0.9972225000000001,39
1,4,0.38593775,0.6388895,0.46875025,0.9972225000000001,45
1,4,0.54843775,0.613889,0.61875025,0.9388890000000001,1
1,4,0.54843775,0.613889,0.61875025,0.9388890000000001,7
1,4,0.54843775,0.613889,0.61875025,0.9388890000000001,12
1,4,0.54843775,0.613889,0.61875025,0.9388890000000001,18
1,4,0.54843775,0.613889,0.61875025,0.9388890000000001,25
1,4,0.54843775,0.613889,0.61875025,0.9388890000000001,32
1,4,0.54843775,0.613889,0.61875025,0.9388890000000001,39
1,4,0.54843775,0.613889,0.61875025,0.9388890000000001,45
1,5,0.604687,0.5916669,0.6171869999999999,0.6638890999999999,1
1,5,0.604687,0.5916669,0.6171869999999999,0.6638890999999999,7
1,5,0.604687,0.5916669,0.6171869999999999,0.6638890999999999,12
1,5,0.604687,0.5916669,0.6171869999999999,0.6638890999999999,18
1,5,0.604687,0.5916669,0.6171869999999999,0.6638890999999999,25
1,5,0.604687,0.5916669,0.6171869999999999,0.6638890999999999,32
1,5,0.604687,0.5916669,0.6171869999999999,0.6638890999999999,39
1,5,0.604687,0.5916669,0.6171869999999999,0.6638890999999999,45
1,5,0.9437502500000001,0.5972224500000001,0.9609377499999999,0.68333355,1
1,5,0.9437502500000001,0.5972224500000001,0.9609377499999999,0.68333355,7
1,5,0.9437502500000001,0.5972224500000001,0.9609377499999999,0.68333355,12
1,5,0.9437502500000001,0.5972224500000001,0.9609377499999999,0.68333355,18
1,5,0.9437502500000001,0.5972224500000001,0.9609377499999999,0.68333355,25
1,5,0.9437502500000001,0.5972224500000001,0.9609377499999999,0.68333355,32
1,5,0.9437502500000001,0.5972224500000001,0.9609377499999999,0.68333355,39
1,5,0.9437502500000001,0.5972224500000001,0.9609377499999999,0.68333355,45
1,5,0.4468755,0.6777775,0.48125049999999997,0.9416665000000001,1
1,5,0.4468755,0.6777775,0.48125049999999997,0.9416665000000001,7
1,5,0.4468755,0.6777775,0.48125049999999997,0.9416665000000001,12
1,5,0.4468755,0.6777775,0.48125049999999997,0.9416665000000001,18
1,5,0.4468755,0.6777775,0.48125049999999997,0.9416665000000001,25
1,5,0.4468755,0.6777775,0.48125049999999997,0.9416665000000001,32
1,5,0.4468755,0.6777775,0.48125049999999997,0.9416665000000001,39
1,5,0.4468755,0.6777775,0.48125049999999997,0.9416665000000001,45
1,5,0.6125005,0.5972217999999999,0.6281255,0.6666662,1
1,5,0.6125005,0.5972217999999999,0.6281255,0.6666662,7
1,5,0.6125005,0.5972217999999999,0.6281255,0.6666662,12
1,5,0.6125005,0.5972217999999999,0.6281255,0.6666662,18
1,5,0.6125005,0.5972217999999999,0.6281255,0.6666662,25
1,5,0.6125005,0.5972217999999999,0.6281255,0.6666662,32
1,5,0.6125005,0.5972217999999999,0.6281255,0.6666662,39
1,5,0.6125005,0.5972217999999999,0.6281255,0.6666662,45
1,5,0.9875,0.5777779000000001,1,0.6500001,1
1,5,0.9875,0.5777779000000001,1,0.6500001,7
1,5,0.9875,0.5777779000000001,1,0.6500001,12
1,5,0.9875,0.5777779000000001,1,0.6500001,18
1,5,0.9875,0.5777779000000001,1,0.6500001,25
1,5,0.9875,0.5777779000000001,1,0.6500001,32
1,5,0.9875,0.5777779000000001,1,0.6500001,39
1,5,0.9875,0.5777779000000001,1,0.6500001,45
1,5,0,0.605556,0.028125,0.8055559999999999,1
1,5,0,0.605556,0.028125,0.8055559999999999,7
1,5,0,0.605556,0.028125,0.8055559999999999,12
1,5,0,0.605556,0.028125,0.8055559999999999,18
1,5,0,0.605556,0.028125,0.8055559999999999,25
1,5,0,0.605556,0.028125,0.8055559999999999,32
1,5,0,0.605556,0.028125,0.8055559999999999,39
1,5,0,0.605556,0.028125,0.8055559999999999,45
1,5,0.6640625,0.591667,0.6796875,0.666667,1
1,5,0.6640625,0.591667,0.6796875,0.666667,7
1,5,0.6640625,0.591667,0.6796875,0.666667,12
1,5,0.6640625,0.591667,0.6796875,0.666667,18
1,5,0.6640625,0.591667,0.6796875,0.666667,25
1,5,0.6640625,0.591667,0.6796875,0.666667,32
1,5,0.6640625,0.591667,0.6796875,0.666667,39
1,5,0.6640625,0.591667,0.6796875,0.666667,45
1,5,0.6453125,0.5916671,0.6609375,0.6694449,1
1,5,0.6453125,0.5916671,0.6609375,0.6694449,7
1,5,0.6453125,0.5916671,0.6609375,0.6694449,12
1,5,0.6453125,0.5916671,0.6609375,0.6694449,18
1,5,0.6453125,0.5916671,0.6609375,0.6694449,25
1,5,0.6453125,0.5916671,0.6609375,0.6694449,32
1,5,0.6453125,0.5916671,0.6609375,0.6694449,39
1,5,0.6453125,0.5916671,0.6609375,0.6694449,45
1,5,0.728125,0.6027776499999999,0.740625,0.66944435,1
1,5,0.728125,0.6027776499999999,0.740625,0.66944435,7
1,5,0.728125,0.6027776499999999,0.740625,0.66944435,12
1,5,0.728125,0.6027776499999999,0.740625,0.66944435,18
1,5,0.728125,0.6027776499999999,0.740625,0.66944435,25
1,5,0.728125,0.6027776499999999,0.740625,0.66944435,32
1,5,0.728125,0.6027776499999999,0.740625,0.66944435,39
1,5,0.728125,0.6027776499999999,0.740625,0.66944435,45
1,5,0.06562525,0.6083335,0.15156275,0.8444444999999998,1
1,5,0.06562525,0.6083335,0.15156275,0.8444444999999998,7
1,5,0.06562525,0.6083335,0.15156275,0.8444444999999998,12
1,5,0.06562525,0.6083335,0.15156275,0.8444444999999998,18
1,5,0.06562525,0.6083335,0.15156275,0.8444444999999998,25
1,5,0.06562525,0.6083335,0.15156275,0.8444444999999998,32
1,5,0.06562525,0.6083335,0.15156275,0.8444444999999998,39
1,5,0.06562525,0.6083335,0.15156275,0.8444444999999998,45
1,5,0.4625,0.6166665,0.525,0.9805555,1
1,5,0.4625,0.6166665,0.525,0.9805555,7
1,5,0.4625,0.6166665,0.525,0.9805555,12
1,5,0.4625,0.6166665,0.525,0.9805555,18
1,5,0.4625,0.6166665,0.525,0.9805555,25
1,5,0.4625,0.6166665,0.525,0.9805555,32
1,5,0.4625,0.6166665,0.525,0.9805555,39
1,5,0.4625,0.6166665,0.525,0.9805555,45
1,5,0.92968725,0.5944448999999999,0.95312475,0.6916671,1
1,5,0.92968725,0.5944448999999999,0.95312475,0.6916671,7
1,5,0.92968725,0.5944448999999999,0.95312475,0.6916671,12
1,5,0.92968725,0.5944448999999999,0.95312475,0.6916671,18
1,5,0.92968725,0.5944448999999999,0.95312475,0.6916671,25
1,5,0.92968725,0.5944448999999999,0.95312475,0.6916671,32
1,5,0.92968725,0.5944448999999999,0.95312475,0.6916671,39
1,5,0.92968725,0.5944448999999999,0.95312475,0.6916671,45
1,5,0.49375025,0.647222,0.58593775,0.997222,1
1,5,0.49375025,0.647222,0.58593775,0.997222,7
1,5,0.49375025,0.647222,0.58593775,0.997222,12
1,5,0.49375025,0.647222,0.58593775,0.997222,18
1,5,0.49375025,0.647222,0.58593775,0.997222,25
1,5,0.49375025,0.647222,0.58593775,0.997222,32
1,5,0.49375025,0.647222,0.58593775,0.997222,39
1,5,0.49375025,0.647222,0.58593775,0.997222,45
1,5,0.5625005000000001,0.6361114999999999,0.6218755,0.9472225000000001,1
1,5,0.5625005000000001,0.6361114999999999,0.6218755,0.9472225000000001,7
1,5,0.5625005000000001,0.6361114999999999,0.6218755,0.9472225000000001,12
1,5,0.5625005000000001,0.6361114999999999,0.6218755,0.9472225000000001,18
1,5,0.5625005000000001,0.6361114999999999,0.6218755,0.9472225000000001,25
1,5,0.5625005000000001,0.6361114999999999,0.6218755,0.9472225000000001,32
1,5,0.5625005000000001,0.6361114999999999,0.6218755,0.9472225000000001,39
1,5,0.5625005000000001,0.6361114999999999,0.6218755,0.9472225000000001,45
1,5,0.4125005,0.5944450000000001,0.4468755000000001,0.766667,1
1,5,0.4125005,0.5944450000000001,0.4468755000000001,0.766667,7
1,5,0.4125005,0.5944450000000001,0.4468755000000001,0.766667,12
1,5,0.4125005,0.5944450000000001,0.4468755000000001,0.766667,18
1,5,0.4125005,0.5944450000000001,0.4468755000000001,0.766667,25
1,5,0.4125005,0.5944450000000001,0.4468755000000001,0.766667,32
1,5,0.4125005,0.5944450000000001,0.4468755000000001,0.766667,39
1,5,0.4125005,0.5944450000000001,0.4468755000000001,0.766667,45
1,5,0.3437495,0.6277775,0.3843745,0.8138884999999999,1
1,5,0.3437495,0.6277775,0.3843745,0.8138884999999999,7
1,5,0.3437495,0.6277775,0.3843745,0.8138884999999999,12
1,5,0.3437495,0.6277775,0.3843745,0.8138884999999999,18
1,5,0.3437495,0.6277775,0.3843745,0.8138884999999999,25
1,5,0.3437495,0.6277775,0.3843745,0.8138884999999999,32
1,5,0.3437495,0.6277775,0.3843745,0.8138884999999999,39
1,5,0.3437495,0.6277775,0.3843745,0.8138884999999999,45
1,5,0.04843750000000001,0.6277775,0.2781245,0.9944445000000001,1
1,5,0.04843750000000001,0.6277775,0.2781245,0.9944445000000001,7
1,5,0.04843750000000001,0.6277775,0.2781245,0.9944445000000001,12
1,5,0.04843750000000001,0.6277775,0.2781245,0.9944445000000001,18
1,5,0.04843750000000001,0.6277775,0.2781245,0.9944445000000001,25
1,5,0.04843750000000001,0.6277775,0.2781245,0.9944445000000001,32
1,5,0.04843750000000001,0.6277775,0.2781245,0.9944445000000001,39
1,5,0.04843750000000001,0.6277775,0.2781245,0.9944445000000001,45
1,6,0.9531255,0.5916669,0.9687505,0.6638890999999999,1
1,6,0.9531255,0.5916669,0.9687505,0.6638890999999999,7
1,6,0.9531255,0.5916669,0.9687505,0.6638890999999999,12
1,6,0.9531255,0.5916669,0.9687505,0.6638890999999999,18
1,6,0.9531255,0.5916669,0.9687505,0.6638890999999999,25
1,6,0.9531255,0.5916669,0.9687505,0.6638890999999999,32
1,6,0.9531255,0.5916669,0.9687505,0.6638890999999999,39
1,6,0.9531255,0.5916669,0.9687505,0.6638890999999999,45
1,6,0.15937525,0.613889,0.24531275,0.944445,1
1,6,0.15937525,0.613889,0.24531275,0.944445,7
1,6,0.15937525,0.613889,0.24531275,0.944445,12
1,6,0.15937525,0.613889,0.24531275,0.944445,18
1,6,0.15937525,0.613889,0.24531275,0.944445,25
1,6,0.15937525,0.613889,0.24531275,0.944445,32
1,6,0.15937525,0.613889,0.24531275,0.944445,39
1,6,0.15937525,0.613889,0.24531275,0.944445,45
1,6,0.065625,0.625,0.121875,0.9027780000000001,1
1,6,0.065625,0.625,0.121875,0.9027780000000001,7
1,6,0.065625,0.625,0.121875,0.9027780000000001,12
1,6,0.065625,0.625,0.121875,0.9027780000000001,18
1,6,0.065625,0.625,0.121875,0.9027780000000001,25
1,6,0.065625,0.625,0.121875,0.9027780000000001,32
1,6,0.065625,0.625,0.121875,0.9027780000000001,39
1,6,0.065625,0.625,0.121875,0.9027780000000001,45
1,6,0.15468725,0.611111,0.20312475000000002,0.8166670000000001,1
1,6,0.15468725,0.611111,0.20312475000000002,0.8166670000000001,7
1,6,0.15468725,0.611111,0.20312475000000002,0.8166670000000001,12
1,6,0.15468725,0.611111,0.20312475000000002,0.8166670000000001,18
1,6,0.15468725,0.611111,0.20312475000000002,0.8166670000000001,25
1,6,0.15468725,0.611111,0.20312475000000002,0.8166670000000001,32
1,6,0.15468725,0.611111,0.20312475000000002,0.8166670000000001,39
1,6,0.15468725,0.611111,0.20312475000000002,0.8166670000000001,45
1,6,0.9328125,0.5916669999999999,0.9546875,0.694445,1
1,6,0.9328125,0.5916669999999999,0.9546875,0.694445,7
1,6,0.9328125,0.5916669999999999,0.9546875,0.694445,12
1,6,0.9328125,0.5916669999999999,0.9546875,0.694445,18
1,6,0.9328125,0.5916669999999999,0.9546875,0.694445,25
1,6,0.9328125,0.5916669999999999,0.9546875,0.694445,32
1,6,0.9328125,0.5916669999999999,0.9546875,0.694445,39
1,6,0.9328125,0.5916669999999999,0.9546875,0.694445,45
1,6,0.104687,0.6250005,0.167187,0.9083335,1
1,6,0.104687,0.6250005,0.167187,0.9083335,7
1,6,0.104687,0.6250005,0.167187,0.9083335,12
1,6,0.104687,0.6250005,0.167187,0.9083335,18
1,6,0.104687,0.6250005,0.167187,0.9083335,25
1,6,0.104687,0.6250005,0.167187,0.9083335,32
1,6,0.104687,0.6250005,0.167187,0.9083335,39
1,6,0.104687,0.6250005,0.167187,0.9083335,45
1,6,0.53125,0.6472225,0.5687500000000001,0.8388895000000001,1
1,6,0.53125,0.6472225,0.5687500000000001,0.8388895000000001,7
1,6,0.53125,0.6472225,0.5687500000000001,0.8388895000000001,12
1,6,0.53125,0.6472225,0.5687500000000001,0.8388895000000001,18
1,6,0.53125,0.6472225,0.5687500000000001,0.8388895000000001,25
1,6,0.53125,0.6472225,0.5687500000000001,0.8388895000000001,32
1,6,0.53125,0.6472225,0.5687500000000001,0.8388895000000001,39
1,6,0.53125,0.6472225,0.5687500000000001,0.8388895000000001,45
1,6,0.44843700000000003,0.677778,0.504687,0.9333340000000001,1
1,6,0.44843700000000003,0.677778,0.504687,0.9333340000000001,7
1,6,0.44843700000000003,0.677778,0.504687,0.9333340000000001,12
1,6,0.44843700000000003,0.677778,0.504687,0.9333340000000001,18
1,6,0.44843700000000003,0.677778,0.504687,0.9333340000000001,25
1,6,0.44843700000000003,0.677778,0.504687,0.9333340000000001,32
1,6,0.44843700000000003,0.677778,0.504687,0.9333340000000001,39
1,6,0.44843700000000003,0.677778,0.504687,0.9333340000000001,45
1,6,0.404688,0.6,0.44218799999999997,0.8055559999999999,1
1,6,0.404688,0.6,0.44218799999999997,0.8055559999999999,7
1,6,0.404688,0.6,0.44218799999999997,0.8055559999999999,12
1,6,0.404688,0.6,0.44218799999999997,0.8055559999999999,18
1,6,0.404688,0.6,0.44218799999999997,0.8055559999999999,25
1,6,0.404688,0.6,0.44218799999999997,0.8055559999999999,32
1,6,0.404688,0.6,0.44218799999999997,0.8055559999999999,39
1,6,0.404688,0.6,0.44218799999999997,0.8055559999999999,45
1,6,0.351563,0.619444,0.389063,0.8,1
1,6,0.351563,0.619444,0.389063,0.8,7
1,6,0.351563,0.619444,0.389063,0.8,12
1,6,0.351563,0.619444,0.389063,0.8,18
1,6,0.351563,0.619444,0.389063,0.8,25
1,6,0.351563,0.619444,0.389063,0.8,32
1,6,0.351563,0.619444,0.389063,0.8,39
1,6,0.351563,0.619444,0.389063,0.8,45
1,6,0.6906245000000001,0.652778,0.7984375,0.9972219999999999,1
1,6,0.6906245000000001,0.652778,0.7984375,0.9972219999999999,7
1,6,0.6906245000000001,0.652778,0.7984375,0.9972219999999999,12
1,6,0.6906245000000001,0.652778,0.7984375,0.9972219999999999,18
1,6,0.6906245000000001,0.652778,0.7984375,0.9972219999999999,25
1,6,0.6906245000000001,0.652778,0.7984375,0.9972219999999999,32
1,6,0.6906245000000001,0.652778,0.7984375,0.9972219999999999,39
1,6,0.6906245000000001,0.652778,0.7984375,0.9972219999999999,45
1,6,0.560938,0.6333335,0.623438,0.9416665,1
1,6,0.560938,0.6333335,0.623438,0.9416665,7
1,6,0.560938,0.6333335,0.623438,0.9416665,12
1,6,0.560938,0.6333335,0.623438,0.9416665,18
1,6,0.560938,0.6333335,0.623438,0.9416665,25
1,6,0.560938,0.6333335,0.623438,0.9416665,32
1,6,0.560938,0.6333335,0.623438,0.9416665,39
1,6,0.560938,0.6333335,0.623438,0.9416665,45
1,6,0.6249995,0.5944445,0.6968745,0.9861114999999999,1
1,6,0.6249995,0.5944445,0.6968745,0.9861114999999999,7
1,6,0.6249995,0.5944445,0.6968745,0.9861114999999999,12
1,6,0.6249995,0.5944445,0.6968745,0.9861114999999999,18
1,6,0.6249995,0.5944445,0.6968745,0.9861114999999999,25
1,6,0.6249995,0.5944445,0.6968745,0.9861114999999999,32
1,6,0.6249995,0.5944445,0.6968745,0.9861114999999999,39
1,6,0.6249995,0.5944445,0.6968745,0.9861114999999999,45
1,6,0.19531225,0.6138895000000001,0.29374975,0.9972225000000001,1
1,6,0.19531225,0.6138895000000001,0.29374975,0.9972225000000001,7
1,6,0.19531225,0.6138895000000001,0.29374975,0.9972225000000001,12
1,6,0.19531225,0.6138895000000001,0.29374975,0.9972225000000001,18
1,6,0.19531225,0.6138895000000001,0.29374975,0.9972225000000001,25
1,6,0.19531225,0.6138895000000001,0.29374975,0.9972225000000001,32
1,6,0.19531225,0.6138895000000001,0.29374975,0.9972225000000001,39
1,6,0.19531225,0.6138895000000001,0.29374975,0.9972225000000001,45
1,7,0.6703125,0.6055555499999999,0.6859375,0.66944445,1
1,7,0.6703125,0.6055555499999999,0.6859375,0.66944445,7
1,7,0.6703125,0.6055555499999999,0.6859375,0.66944445,12
1,7,0.6703125,0.6055555499999999,0.6859375,0.66944445,18
1,7,0.6703125,0.6055555499999999,0.6859375,0.66944445,25
1,7,0.6703125,0.6055555499999999,0.6859375,0.66944445,32
1,7,0.6703125,0.6055555499999999,0.6859375,0.66944445,39
1,7,0.6703125,0.6055555499999999,0.6859375,0.66944445,45
1,7,0.64999975,0.6055555499999999,0.6640622500000001,0.66944445,1
1,7,0.64999975,0.6055555499999999,0.6640622500000001,0.66944445,7
1,7,0.64999975,0.6055555499999999,0.6640622500000001,0.66944445,12
1,7,0.64999975,0.6055555499999999,0.6640622500000001,0.66944445,18
1,7,0.64999975,0.6055555499999999,0.6640622500000001,0.66944445,25
1,7,0.64999975,0.6055555499999999,0.6640622500000001,0.66944445,32
1,7,0.64999975,0.6055555499999999,0.6640622500000001,0.66944445,39
1,7,0.64999975,0.6055555499999999,0.6640622500000001,0.66944445,45
1,7,0.735938,0.5972217999999999,0.7484379999999999,0.6666662,1
1,7,0.735938,0.5972217999999999,0.7484379999999999,0.6666662,7
1,7,0.735938,0.5972217999999999,0.7484379999999999,0.6666662,12
1,7,0.735938,0.5972217999999999,0.7484379999999999,0.6666662,18
1,7,0.735938,0.5972217999999999,0.7484379999999999,0.6666662,25
1,7,0.735938,0.5972217999999999,0.7484379999999999,0.6666662,32
1,7,0.735938,0.5972217999999999,0.7484379999999999,0.6666662,39
1,7,0.735938,0.5972217999999999,0.7484379999999999,0.6666662,45
1,7,0.72343725,0.5972219000000001,0.7343747500000001,0.6694441,1
1,7,0.72343725,0.5972219000000001,0.7343747500000001,0.6694441,7
1,7,0.72343725,0.5972219000000001,0.7343747500000001,0.6694441,12
1,7,0.72343725,0.5972219000000001,0.7343747500000001,0.6694441,18
1,7,0.72343725,0.5972219000000001,0.7343747500000001,0.6694441,25
1,7,0.72343725,0.5972219000000001,0.7343747500000001,0.6694441,32
1,7,0.72343725,0.5972219000000001,0.7343747500000001,0.6694441,39
1,7,0.72343725,0.5972219000000001,0.7343747500000001,0.6694441,45
1,7,0,0.677778,0.0109375,0.7777780000000001,1
1,7,0,0.677778,0.0109375,0.7777780000000001,7
1,7,0,0.677778,0.0109375,0.7777780000000001,12
1,7,0,0.677778,0.0109375,0.7777780000000001,18
1,7,0,0.677778,0.0109375,0.7777780000000001,25
1,7,0,0.677778,0.0109375,0.7777780000000001,32
1,7,0,0.677778,0.0109375,0.7777780000000001,39
1,7,0,0.677778,0.0109375,0.7777780000000001,45
1,7,0.115625,0.6166665,0.171875,0.9027775000000001,1
1,7,0.115625,0.6166665,0.171875,0.9027775000000001,7
1,7,0.115625,0.6166665,0.171875,0.9027775000000001,12
1,7,0.115625,0.6166665,0.171875,0.9027775000000001,18
1,7,0.115625,0.6166665,0.171875,0.9027775000000001,25
1,7,0.115625,0.6166665,0.171875,0.9027775000000001,32
1,7,0.115625,0.6166665,0.171875,0.9027775000000001,39
1,7,0.115625,0.6166665,0.171875,0.9027775000000001,45
1,7,0.35625025,0.6305555,0.38593774999999997,0.7972225,1
1,7,0.35625025,0.6305555,0.38593774999999997,0.7972225,7
1,7,0.35625025,0.6305555,0.38593774999999997,0.7972225,12
1,7,0.35625025,0.6305555,0.38593774999999997,0.7972225,18
1,7,0.35625025,0.6305555,0.38593774999999997,0.7972225,25
1,7,0.35625025,0.6305555,0.38593774999999997,0.7972225,32
1,7,0.35625025,0.6305555,0.38593774999999997,0.7972225,39
1,7,0.35625025,0.6305555,0.38593774999999997,0.7972225,45
1,7,0.53281225,0.6472225,0.5687497499999999,0.8388895000000001,1
1,7,0.53281225,0.6472225,0.5687497499999999,0.8388895000000001,7
1,7,0.53281225,0.6472225,0.5687497499999999,0.8388895000000001,12
1,7,0.53281225,0.6472225,0.5687497499999999,0.8388895000000001,18
1,7,0.53281225,0.6472225,0.5687497499999999,0.8388895000000001,25
1,7,0.53281225,0.6472225,0.5687497499999999,0.8388895000000001,32
1,7,0.53281225,0.6472225,0.5687497499999999,0.8388895000000001,39
1,7,0.53281225,0.6472225,0.5687497499999999,0.8388895000000001,45
1,7,0.44374975,0.677778,0.51406225,0.9277780000000001,1
1,7,0.44374975,0.677778,0.51406225,0.9277780000000001,7
1,7,0.44374975,0.677778,0.51406225,0.9277780000000001,12
1,7,0.44374975,0.677778,0.51406225,0.9277780000000001,18
1,7,0.44374975,0.677778,0.51406225,0.9277780000000001,25
1,7,0.44374975,0.677778,0.51406225,0.9277780000000001,32
1,7,0.44374975,0.677778,0.51406225,0.9277780000000001,39
1,7,0.44374975,0.677778,0.51406225,0.9277780000000001,45
1,7,0.8218755,0.6083335000000001,0.9187505,0.9944445000000001,1
1,7,0.8218755,0.6083335000000001,0.9187505,0.9944445000000001,7
1,7,0.8218755,0.6083335000000001,0.9187505,0.9944445000000001,12
1,7,0.8218755,0.6083335000000001,0.9187505,0.9944445000000001,18
1,7,0.8218755,0.6083335000000001,0.9187505,0.9944445000000001,25
1,7,0.8218755,0.6083335000000001,0.9187505,0.9944445000000001,32
1,7,0.8218755,0.6083335000000001,0.9187505,0.9944445000000001,39
1,7,0.8218755,0.6083335000000001,0.9187505,0.9944445000000001,45
1,7,0.22656274999999998,0.5833335,0.28437525,0.8444445,1
1,7,0.22656274999999998,0.5833335,0.28437525,0.8444445,7
1,7,0.22656274999999998,0.5833335,0.28437525,0.8444445,12
1,7,0.22656274999999998,0.5833335,0.28437525,0.8444445,18
1,7,0.22656274999999998,0.5833335,0.28437525,0.8444445,25
1,7,0.22656274999999998,0.5833335,0.28437525,0.8444445,32
1,7,0.22656274999999998,0.5833335,0.28437525,0.8444445,39
1,7,0.22656274999999998,0.5833335,0.28437525,0.8444445,45
1,7,0.3859375,0.6,0.4390625,0.8527779999999999,1
1,7,0.3859375,0.6,0.4390625,0.8527779999999999,7
1,7,0.3859375,0.6,0.4390625,0.8527779999999999,12
1,7,0.3859375,0.6,0.4390625,0.8527779999999999,18
1,7,0.3859375,0.6,0.4390625,0.8527779999999999,25
1,7,0.3859375,0.6,0.4390625,0.8527779999999999,32
1,7,0.3859375,0.6,0.4390625,0.8527779999999999,39
1,7,0.3859375,0.6,0.4390625,0.8527779999999999,45
1,7,0.7468750000000001,0.6527775,0.870313,0.9944445000000001,1
1,7,0.7468750000000001,0.6527775,0.870313,0.9944445000000001,7
1,7,0.7468750000000001,0.6527775,0.870313,0.9944445000000001,12
1,7,0.7468750000000001,0.6527775,0.870313,0.9944445000000001,18
1,7,0.7468750000000001,0.6527775,0.870313,0.9944445000000001,25
1,7,0.7468750000000001,0.6527775,0.870313,0.9944445000000001,32
1,7,0.7468750000000001,0.6527775,0.870313,0.9944445000000001,39
1,7,0.7468750000000001,0.6527775,0.870313,0.9944445000000001,45
1,7,0.0250002,0.572222,0.1296872,1,1
1,7,0.0250002,0.572222,0.1296872,1,7
1,7,0.0250002,0.572222,0.1296872,1,12
1,7,0.0250002,0.572222,0.1296872,1,18
1,7,0.0250002,0.572222,0.1296872,1,25
1,7,0.0250002,0.572222,0.1296872,1,32
1,7,0.0250002,0.572222,0.1296872,1,39
1,7,0.0250002,0.572222,0.1296872,1,45
1,7,0.9093745,0.647222,0.9999994999999998,1,1
1,7,0.9093745,0.647222,0.9999994999999998,1,7
1,7,0.9093745,0.647222,0.9999994999999998,1,12
1,7,0.9093745,0.647222,0.9999994999999998,1,18
1,7,0.9093745,0.647222,0.9999994999999998,1,25
1,7,0.9093745,0.647222,0.9999994999999998,1,32
1,7,0.9093745,0.647222,0.9999994999999998,1,39
1,7,0.9093745,0.647222,0.9999994999999998,1,45
1,7,0.5625,0.619445,0.625,0.9416670000000001,1
1,7,0.5625,0.619445,0.625,0.9416670000000001,7
1,7,0.5625,0.619445,0.625,0.9416670000000001,12
1,7,0.5625,0.619445,0.625,0.9416670000000001,18
1,7,0.5625,0.619445,0.625,0.9416670000000001,25
1,7,0.5625,0.619445,0.625,0.9416670000000001,32
1,7,0.5625,0.619445,0.625,0.9416670000000001,39
1,7,0.5625,0.619445,0.625,0.9416670000000001,45
1,7,0.2828125,0.613889,0.3609375,0.9861110000000001,1
1,7,0.2828125,0.613889,0.3609375,0.9861110000000001,7
1,7,0.2828125,0.613889,0.3609375,0.9861110000000001,12
1,7,0.2828125,0.613889,0.3609375,0.9861110000000001,18
1,7,0.2828125,0.613889,0.3609375,0.9861110000000001,25
1,7,0.2828125,0.613889,0.3609375,0.9861110000000001,32
1,7,0.2828125,0.613889,0.3609375,0.9861110000000001,39
1,7,0.2828125,0.613889,0.3609375,0.9861110000000001,45
1,8,0.6234375,0.60277755,0.6390625,0.66666645,1
1,8,0.6234375,0.60277755,0.6390625,0.66666645,7
1,8,0.6234375,0.60277755,0.6390625,0.66666645,12
1,8,0.6234375,0.60277755,0.6390625,0.66666645,18
1,8,0.6234375,0.60277755,0.6390625,0.66666645,25
1,8,0.6234375,0.60277755,0.6390625,0.66666645,32
1,8,0.6234375,0.60277755,0.6390625,0.66666645,39
1,8,0.6234375,0.60277755,0.6390625,0.66666645,45
1,8,0.671875,0.6055555499999999,0.684375,0.66944445,1
1,8,0.671875,0.6055555499999999,0.684375,0.66944445,7
1,8,0.671875,0.6055555499999999,0.684375,0.66944445,12
1,8,0.671875,0.6055555499999999,0.684375,0.66944445,18
1,8,0.671875,0.6055555499999999,0.684375,0.66944445,25
1,8,0.671875,0.6055555499999999,0.684375,0.66944445,32
1,8,0.671875,0.6055555499999999,0.684375,0.66944445,39
1,8,0.671875,0.6055555499999999,0.684375,0.66944445,45
1,8,0.73750025,0.6027777999999999,0.74843775,0.6722222,1
1,8,0.73750025,0.6027777999999999,0.74843775,0.6722222,7
1,8,0.73750025,0.6027777999999999,0.74843775,0.6722222,12
1,8,0.73750025,0.6027777999999999,0.74843775,0.6722222,18
1,8,0.73750025,0.6027777999999999,0.74843775,0.6722222,25
1,8,0.73750025,0.6027777999999999,0.74843775,0.6722222,32
1,8,0.73750025,0.6027777999999999,0.74843775,0.6722222,39
1,8,0.73750025,0.6027777999999999,0.74843775,0.6722222,45
1,8,0.651562,0.6027776499999999,0.6640619999999999,0.66944435,1
1,8,0.651562,0.6027776499999999,0.6640619999999999,0.66944435,7
1,8,0.651562,0.6027776499999999,0.6640619999999999,0.66944435,12
1,8,0.651562,0.6027776499999999,0.6640619999999999,0.66944435,18
1,8,0.651562,0.6027776499999999,0.6640619999999999,0.66944435,25
1,8,0.651562,0.6027776499999999,0.6640619999999999,0.66944435,32
1,8,0.651562,0.6027776499999999,0.6640619999999999,0.66944435,39
1,8,0.651562,0.6027776499999999,0.6640619999999999,0.66944435,45
1,8,0.1093745,0.6138885,0.1624995,0.8999995,1
1,8,0.1093745,0.6138885,0.1624995,0.8999995,7
1,8,0.1093745,0.6138885,0.1624995,0.8999995,12
1,8,0.1093745,0.6138885,0.1624995,0.8999995,18
1,8,0.1093745,0.6138885,0.1624995,0.8999995,25
1,8,0.1093745,0.6138885,0.1624995,0.8999995,32
1,8,0.1093745,0.6138885,0.1624995,0.8999995,39
1,8,0.1093745,0.6138885,0.1624995,0.8999995,45
1,8,0.07343749999999999,0.6111114999999999,0.1328125,0.8944445,1
1,8,0.07343749999999999,0.6111114999999999,0.1328125,0.8944445,7
1,8,0.07343749999999999,0.6111114999999999,0.1328125,0.8944445,12
1,8,0.07343749999999999,0.6111114999999999,0.1328125,0.8944445,18
1,8,0.07343749999999999,0.6111114999999999,0.1328125,0.8944445,25
1,8,0.07343749999999999,0.6111114999999999,0.1328125,0.8944445,32
1,8,0.07343749999999999,0.6111114999999999,0.1328125,0.8944445,39
1,8,0.07343749999999999,0.6111114999999999,0.1328125,0.8944445,45
1,8,0.721875,0.5999999,0.734375,0.6722220999999999,1
1,8,0.721875,0.5999999,0.734375,0.6722220999999999,7
1,8,0.721875,0.5999999,0.734375,0.6722220999999999,12
1,8,0.721875,0.5999999,0.734375,0.6722220999999999,18
1,8,0.721875,0.5999999,0.734375,0.6722220999999999,25
1,8,0.721875,0.5999999,0.734375,0.6722220999999999,32
1,8,0.721875,0.5999999,0.734375,0.6722220999999999,39
1,8,0.721875,0.5999999,0.734375,0.6722220999999999,45
1,8,0,0.6000000000000001,0.05625,0.95,1
1,8,0,0.6000000000000001,0.05625,0.95,7
1,8,0,0.6000000000000001,0.05625,0.95,12
1,8,0,0.6000000000000001,0.05625,0.95,18
1,8,0,0.6000000000000001,0.05625,0.95,25
1,8,0,0.6000000000000001,0.05625,0.95,32
1,8,0,0.6000000000000001,0.05625,0.95,39
1,8,0,0.6000000000000001,0.05625,0.95,45
1,8,0.5609375,0.6277775,0.6265625,0.9444445,1
1,8,0.5609375,0.6277775,0.6265625,0.9444445,7
1,8,0.5609375,0.6277775,0.6265625,0.9444445,12
1,8,0.5609375,0.6277775,0.6265625,0.9444445,18
1,8,0.5609375,0.6277775,0.6265625,0.9444445,25
1,8,0.5609375,0.6277775,0.6265625,0.9444445,32
1,8,0.5609375,0.6277775,0.6265625,0.9444445,39
1,8,0.5609375,0.6277775,0.6265625,0.9444445,45
1,8,0.30781250000000004,0.6249994999999999,0.3671875,0.9388885,1
1,8,0.30781250000000004,0.6249994999999999,0.3671875,0.9388885,7
1,8,0.30781250000000004,0.6249994999999999,0.3671875,0.9388885,12
1,8,0.30781250000000004,0.6249994999999999,0.3671875,0.9388885,18
1,8,0.30781250000000004,0.6249994999999999,0.3671875,0.9388885,25
1,8,0.30781250000000004,0.6249994999999999,0.3671875,0.9388885,32
1,8,0.30781250000000004,0.6249994999999999,0.3671875,0.9388885,39
1,8,0.30781250000000004,0.6249994999999999,0.3671875,0.9388885,45
1,8,0.25937499999999997,0.5861114999999999,0.315625,0.8972225,1
1,8,0.25937499999999997,0.5861114999999999,0.315625,0.8972225,7
1,8,0.25937499999999997,0.5861114999999999,0.315625,0.8972225,12
1,8,0.25937499999999997,0.5861114999999999,0.315625,0.8972225,18
1,8,0.25937499999999997,0.5861114999999999,0.315625,0.8972225,25
1,8,0.25937499999999997,0.5861114999999999,0.315625,0.8972225,32
1,8,0.25937499999999997,0.5861114999999999,0.315625,0.8972225,39
1,8,0.25937499999999997,0.5861114999999999,0.315625,0.8972225,45
1,8,0.4687497499999999,0.6333335,0.55781225,0.9944445000000001,1
1,8,0.4687497499999999,0.6333335,0.55781225,0.9944445000000001,7
1,8,0.4687497499999999,0.6333335,0.55781225,0.9944445000000001,12
1,8,0.4687497499999999,0.6333335,0.55781225,0.9944445000000001,18
1,8,0.4687497499999999,0.6333335,0.55781225,0.9944445000000001,25
1,8,0.4687497499999999,0.6333335,0.55781225,0.9944445000000001,32
1,8,0.4687497499999999,0.6333335,0.55781225,0.9944445000000001,39
1,8,0.4687497499999999,0.6333335,0.55781225,0.9944445000000001,45
1,8,0.37500025,0.572222,0.44843774999999997,0.9750000000000002,1
1,8,0.37500025,0.572222,0.44843774999999997,0.9750000000000002,7
1,8,0.37500025,0.572222,0.44843774999999997,0.9750000000000002,12
1,8,0.37500025,0.572222,0.44843774999999997,0.9750000000000002,18
1,8,0.37500025,0.572222,0.44843774999999997,0.9750000000000002,25
1,8,0.37500025,0.572222,0.44843774999999997,0.9750000000000002,32
1,8,0.37500025,0.572222,0.44843774999999997,0.9750000000000002,39
1,8,0.37500025,0.572222,0.44843774999999997,0.9750000000000002,45
1,8,0.14999975000000002,0.594445,0.23906225,0.966667,1
1,8,0.14999975000000002,0.594445,0.23906225,0.966667,7
1,8,0.14999975000000002,0.594445,0.23906225,0.966667,12
1,8,0.14999975000000002,0.594445,0.23906225,0.966667,18
1,8,0.14999975000000002,0.594445,0.23906225,0.966667,25
1,8,0.14999975000000002,0.594445,0.23906225,0.966667,32
1,8,0.14999975000000002,0.594445,0.23906225,0.966667,39
1,8,0.14999975000000002,0.594445,0.23906225,0.966667,45
2,2,0.832813,0.5777781,0.8515630000000002,0.6305559000000001,1
2,2,0.832813,0.5777781,0.8515630000000002,0.6305559000000001,7
2,2,0.832813,0.5777781,0.8515630000000002,0.6305559000000001,12
2,2,0.832813,0.5777781,0.8515630000000002,0.6305559000000001,18
2,2,0.832813,0.5777781,0.8515630000000002,0.6305559000000001,25
2,2,0.832813,0.5777781,0.8515630000000002,0.6305559000000001,32
2,2,0.832813,0.5777781,0.8515630000000002,0.6305559000000001,39
2,2,0.832813,0.5777781,0.8515630000000002,0.6305559000000001,45
2,2,0.7265625,0.619444,0.7546875,0.7222220000000001,1
2,2,0.7265625,0.619444,0.7546875,0.7222220000000001,7
2,2,0.7265625,0.619444,0.7546875,0.7222220000000001,12
2,2,0.7265625,0.619444,0.7546875,0.7222220000000001,18
2,2,0.7265625,0.619444,0.7546875,0.7222220000000001,25
2,2,0.7265625,0.619444,0.7546875,0.7222220000000001,32
2,2,0.7265625,0.619444,0.7546875,0.7222220000000001,39
2,2,0.7265625,0.619444,0.7546875,0.7222220000000001,45
2,2,0.8015625,0.5777778,0.8171875,0.6472222000000001,1
2,2,0.8015625,0.5777778,0.8171875,0.6472222000000001,7
2,2,0.8015625,0.5777778,0.8171875,0.6472222000000001,12
2,2,0.8015625,0.5777778,0.8171875,0.6472222000000001,18
2,2,0.8015625,0.5777778,0.8171875,0.6472222000000001,25
2,2,0.8015625,0.5777778,0.8171875,0.6472222000000001,32
2,2,0.8015625,0.5777778,0.8171875,0.6472222000000001,39
2,2,0.8015625,0.5777778,0.8171875,0.6472222000000001,45
2,2,0.946875,0.5777774499999999,0.965625,0.66388855,1
2,2,0.946875,0.5777774499999999,0.965625,0.66388855,7
2,2,0.946875,0.5777774499999999,0.965625,0.66388855,12
2,2,0.946875,0.5777774499999999,0.965625,0.66388855,18
2,2,0.946875,0.5777774499999999,0.965625,0.66388855,25
2,2,0.946875,0.5777774499999999,0.965625,0.66388855,32
2,2,0.946875,0.5777774499999999,0.965625,0.66388855,39
2,2,0.946875,0.5777774499999999,0.965625,0.66388855,45
2,2,0.915625,0.5694443499999999,0.934375,0.65277765,1
2,2,0.915625,0.5694443499999999,0.934375,0.65277765,7
2,2,0.915625,0.5694443499999999,0.934375,0.65277765,12
2,2,0.915625,0.5694443499999999,0.934375,0.65277765,18
2,2,0.915625,0.5694443499999999,0.934375,0.65277765,25
2,2,0.915625,0.5694443499999999,0.934375,0.65277765,32
2,2,0.915625,0.5694443499999999,0.934375,0.65277765,39
2,2,0.915625,0.5694443499999999,0.934375,0.65277765,45
2,2,0.459375,0.58055565,0.478125,0.67222235,1
2,2,0.459375,0.58055565,0.478125,0.67222235,7
2,2,0.459375,0.58055565,0.478125,0.67222235,12
2,2,0.459375,0.58055565,0.478125,0.67222235,18
2,2,0.459375,0.58055565,0.478125,0.67222235,25
2,2,0.459375,0.58055565,0.478125,0.67222235,32
2,2,0.459375,0.58055565,0.478125,0.67222235,39
2,2,0.459375,0.58055565,0.478125,0.67222235,45
2,2,0.41406225,0.5722219,0.43749975,0.6694441,1
2,2,0.41406225,0.5722219,0.43749975,0.6694441,7
2,2,0.41406225,0.5722219,0.43749975,0.6694441,12
2,2,0.41406225,0.5722219,0.43749975,0.6694441,18
2,2,0.41406225,0.5722219,0.43749975,0.6694441,25
2,2,0.41406225,0.5722219,0.43749975,0.6694441,32
2,2,0.41406225,0.5722219,0.43749975,0.6694441,39
2,2,0.41406225,0.5722219,0.43749975,0.6694441,45
2,2,0.8031254999999999,0.6083335,1,0.9972225000000001,1
2,2,0.8031254999999999,0.6083335,1,0.9972225000000001,7
2,2,0.8031254999999999,0.6083335,1,0.9972225000000001,12
2,2,0.8031254999999999,0.6083335,1,0.9972225000000001,18
2,2,0.8031254999999999,0.6083335,1,0.9972225000000001,25
2,2,0.8031254999999999,0.6083335,1,0.9972225000000001,32
2,2,0.8031254999999999,0.6083335,1,0.9972225000000001,39
2,2,0.8031254999999999,0.6083335,1,0.9972225000000001,45
2,2,0.33437475,0.580555,0.39218725000000004,0.8333330000000001,1
2,2,0.33437475,0.580555,0.39218725000000004,0.8333330000000001,7
2,2,0.33437475,0.580555,0.39218725000000004,0.8333330000000001,12
2,2,0.33437475,0.580555,0.39218725000000004,0.8333330000000001,18
2,2,0.33437475,0.580555,0.39218725000000004,0.8333330000000001,25
2,2,0.33437475,0.580555,0.39218725000000004,0.8333330000000001,32
2,2,0.33437475,0.580555,0.39218725000000004,0.8333330000000001,39
2,2,0.33437475,0.580555,0.39218725000000004,0.8333330000000001,45
2,2,0.023438,0.5638885,0.22343800000000003,0.9999995,1
2,2,0.023438,0.5638885,0.22343800000000003,0.9999995,7
2,2,0.023438,0.5638885,0.22343800000000003,0.9999995,12
2,2,0.023438,0.5638885,0.22343800000000003,0.9999995,18
2,2,0.023438,0.5638885,0.22343800000000003,0.9999995,25
2,2,0.023438,0.5638885,0.22343800000000003,0.9999995,32
2,2,0.023438,0.5638885,0.22343800000000003,0.9999995,39
2,2,0.023438,0.5638885,0.22343800000000003,0.9999995,45
2,3,0.8609372500000001,0.5777778,0.8781247499999999,0.6472222000000001,1
2,3,0.8609372500000001,0.5777778,0.8781247499999999,0.6472222000000001,7
2,3,0.8609372500000001,0.5777778,0.8781247499999999,0.6472222000000001,12
2,3,0.8609372500000001,0.5777778,0.8781247499999999,0.6472222000000001,18
2,3,0.8609372500000001,0.5777778,0.8781247499999999,0.6472222000000001,25
2,3,0.8609372500000001,0.5777778,0.8781247499999999,0.6472222000000001,32
2,3,0.8609372500000001,0.5777778,0.8781247499999999,0.6472222000000001,39
2,3,0.8609372500000001,0.5777778,0.8781247499999999,0.6472222000000001,45
2,3,0.803125,0.5777775500000001,0.815625,0.61666645,1
2,3,0.803125,0.5777775500000001,0.815625,0.61666645,7
2,3,0.803125,0.5777775500000001,0.815625,0.61666645,12
2,3,0.803125,0.5777775500000001,0.815625,0.61666645,18
2,3,0.803125,0.5777775500000001,0.815625,0.61666645,25
2,3,0.803125,0.5777775500000001,0.815625,0.61666645,32
2,3,0.803125,0.5777775500000001,0.815625,0.61666645,39
2,3,0.803125,0.5777775500000001,0.815625,0.61666645,45
2,3,0.8281255,0.577778,0.8437505,0.6277780000000001,1
2,3,0.8281255,0.577778,0.8437505,0.6277780000000001,7
2,3,0.8281255,0.577778,0.8437505,0.6277780000000001,12
2,3,0.8281255,0.577778,0.8437505,0.6277780000000001,18
2,3,0.8281255,0.577778,0.8437505,0.6277780000000001,25
2,3,0.8281255,0.577778,0.8437505,0.6277780000000001,32
2,3,0.8281255,0.577778,0.8437505,0.6277780000000001,39
2,3,0.8281255,0.577778,0.8437505,0.6277780000000001,45
2,3,0.464063,0.57222235,0.47656299999999996,0.6305556499999999,1
2,3,0.464063,0.57222235,0.47656299999999996,0.6305556499999999,7
2,3,0.464063,0.57222235,0.47656299999999996,0.6305556499999999,12
2,3,0.464063,0.57222235,0.47656299999999996,0.6305556499999999,18
2,3,0.464063,0.57222235,0.47656299999999996,0.6305556499999999,25
2,3,0.464063,0.57222235,0.47656299999999996,0.6305556499999999,32
2,3,0.464063,0.57222235,0.47656299999999996,0.6305556499999999,39
2,3,0.464063,0.57222235,0.47656299999999996,0.6305556499999999,45
2,3,0.95468775,0.5777775500000001,0.9812502500000001,0.66666645,1
2,3,0.95468775,0.5777775500000001,0.9812502500000001,0.66666645,7
2,3,0.95468775,0.5777775500000001,0.9812502500000001,0.66666645,12
2,3,0.95468775,0.5777775500000001,0.9812502500000001,0.66666645,18
2,3,0.95468775,0.5777775500000001,0.9812502500000001,0.66666645,25
2,3,0.95468775,0.5777775500000001,0.9812502500000001,0.66666645,32
2,3,0.95468775,0.5777775500000001,0.9812502500000001,0.66666645,39
2,3,0.95468775,0.5777775500000001,0.9812502500000001,0.66666645,45
2,3,0.9796877499999999,0.577778,1,0.652778,1
2,3,0.9796877499999999,0.577778,1,0.652778,7
2,3,0.9796877499999999,0.577778,1,0.652778,12
2,3,0.9796877499999999,0.577778,1,0.652778,18
2,3,0.9796877499999999,0.577778,1,0.652778,25
2,3,0.9796877499999999,0.577778,1,0.652778,32
2,3,0.9796877499999999,0.577778,1,0.652778,39
2,3,0.9796877499999999,0.577778,1,0.652778,45
2,3,0.742188,0.6111115,0.9125,0.9972224999999999,1
2,3,0.742188,0.6111115,0.9125,0.9972224999999999,7
2,3,0.742188,0.6111115,0.9125,0.9972224999999999,12
2,3,0.742188,0.6111115,0.9125,0.9972224999999999,18
2,3,0.742188,0.6111115,0.9125,0.9972224999999999,25
2,3,0.742188,0.6111115,0.9125,0.9972224999999999,32
2,3,0.742188,0.6111115,0.9125,0.9972224999999999,39
2,3,0.742188,0.6111115,0.9125,0.9972224999999999,45
2,3,0.4765627500000001,0.5722219,0.49687525,0.6694441,1
2,3,0.4765627500000001,0.5722219,0.49687525,0.6694441,7
2,3,0.4765627500000001,0.5722219,0.49687525,0.6694441,12
2,3,0.4765627500000001,0.5722219,0.49687525,0.6694441,18
2,3,0.4765627500000001,0.5722219,0.49687525,0.6694441,25
2,3,0.4765627500000001,0.5722219,0.49687525,0.6694441,32
2,3,0.4765627500000001,0.5722219,0.49687525,0.6694441,39
2,3,0.4765627500000001,0.5722219,0.49687525,0.6694441,45
2,3,0.43437475000000003,0.572222,0.45468725,0.6722220000000001,1
2,3,0.43437475000000003,0.572222,0.45468725,0.6722220000000001,7
2,3,0.43437475000000003,0.572222,0.45468725,0.6722220000000001,12
2,3,0.43437475000000003,0.572222,0.45468725,0.6722220000000001,18
2,3,0.43437475000000003,0.572222,0.45468725,0.6722220000000001,25
2,3,0.43437475000000003,0.572222,0.45468725,0.6722220000000001,32
2,3,0.43437475000000003,0.572222,0.45468725,0.6722220000000001,39
2,3,0.43437475000000003,0.572222,0.45468725,0.6722220000000001,45
2,3,0.9328125,0.569444,0.9546875,0.672222,1
2,3,0.9328125,0.569444,0.9546875,0.672222,7
2,3,0.9328125,0.569444,0.9546875,0.672222,12
2,3,0.9328125,0.569444,0.9546875,0.672222,18
2,3,0.9328125,0.569444,0.9546875,0.672222,25
2,3,0.9328125,0.569444,0.9546875,0.672222,32
2,3,0.9328125,0.569444,0.9546875,0.672222,39
2,3,0.9328125,0.569444,0.9546875,0.672222,45
2,3,0.33906274999999997,0.583333,0.39687525,0.8361109999999999,1
2,3,0.33906274999999997,0.583333,0.39687525,0.8361109999999999,7
2,3,0.33906274999999997,0.583333,0.39687525,0.8361109999999999,12
2,3,0.33906274999999997,0.583333,0.39687525,0.8361109999999999,18
2,3,0.33906274999999997,0.583333,0.39687525,0.8361109999999999,25
2,3,0.33906274999999997,0.583333,0.39687525,0.8361109999999999,32
2,3,0.33906274999999997,0.583333,0.39687525,0.8361109999999999,39
2,3,0.33906274999999997,0.583333,0.39687525,0.8361109999999999,45
2,3,0.1093755,0.566666,0.2765625,0.9972219999999999,1
2,3,0.1093755,0.566666,0.2765625,0.9972219999999999,7
2,3,0.1093755,0.566666,0.2765625,0.9972219999999999,12
2,3,0.1093755,0.566666,0.2765625,0.9972219999999999,18
2,3,0.1093755,0.566666,0.2765625,0.9972219999999999,25
2,3,0.1093755,0.566666,0.2765625,0.9972219999999999,32
2,3,0.1093755,0.566666,0.2765625,0.9972219999999999,39
2,3,0.1093755,0.566666,0.2765625,0.9972219999999999,45
2,4,0.4765625,0.57222235,0.4921875,0.6305556499999999,1
2,4,0.4765625,0.57222235,0.4921875,0.6305556499999999,7
2,4,0.4765625,0.57222235,0.4921875,0.6305556499999999,12
2,4,0.4765625,0.57222235,0.4921875,0.6305556499999999,18
2,4,0.4765625,0.57222235,0.4921875,0.6305556499999999,25
2,4,0.4765625,0.57222235,0.4921875,0.6305556499999999,32
2,4,0.4765625,0.57222235,0.4921875,0.6305556499999999,39
2,4,0.4765625,0.57222235,0.4921875,0.6305556499999999,45
2,4,0.9796877499999999,0.57777735,1,0.66111065,1
2,4,0.9796877499999999,0.57777735,1,0.66111065,7
2,4,0.9796877499999999,0.57777735,1,0.66111065,12
2,4,0.9796877499999999,0.57777735,1,0.66111065,18
2,4,0.9796877499999999,0.57777735,1,0.66111065,25
2,4,0.9796877499999999,0.57777735,1,0.66111065,32
2,4,0.9796877499999999,0.57777735,1,0.66111065,39
2,4,0.9796877499999999,0.57777735,1,0.66111065,45
2,4,0.8468747499999999,0.5777776499999999,0.8609372500000001,0.64444435,1
2,4,0.8468747499999999,0.5777776499999999,0.8609372500000001,0.64444435,7
2,4,0.8468747499999999,0.5777776499999999,0.8609372500000001,0.64444435,12
2,4,0.8468747499999999,0.5777776499999999,0.8609372500000001,0.64444435,18
2,4,0.8468747499999999,0.5777776499999999,0.8609372500000001,0.64444435,25
2,4,0.8468747499999999,0.5777776499999999,0.8609372500000001,0.64444435,32
2,4,0.8468747499999999,0.5777776499999999,0.8609372500000001,0.64444435,39
2,4,0.8468747499999999,0.5777776499999999,0.8609372500000001,0.64444435,45
2,4,0.9421872500000001,0.575,0.9656247500000001,0.677778,1
2,4,0.9421872500000001,0.575,0.9656247500000001,0.677778,7
2,4,0.9421872500000001,0.575,0.9656247500000001,0.677778,12
2,4,0.9421872500000001,0.575,0.9656247500000001,0.677778,18
2,4,0.9421872500000001,0.575,0.9656247500000001,0.677778,25
2,4,0.9421872500000001,0.575,0.9656247500000001,0.677778,32
2,4,0.9421872500000001,0.575,0.9656247500000001,0.677778,39
2,4,0.9421872500000001,0.575,0.9656247500000001,0.677778,45
2,4,0.4437505,0.57499965,0.46562549999999997,0.66666635,1
2,4,0.4437505,0.57499965,0.46562549999999997,0.66666635,7
2,4,0.4437505,0.57499965,0.46562549999999997,0.66666635,12
2,4,0.4437505,0.57499965,0.46562549999999997,0.66666635,18
2,4,0.4437505,0.57499965,0.46562549999999997,0.66666635,25
2,4,0.4437505,0.57499965,0.46562549999999997,0.66666635,32
2,4,0.4437505,0.57499965,0.46562549999999997,0.66666635,39
2,4,0.4437505,0.57499965,0.46562549999999997,0.66666635,45
2,4,0.701563,0.6388895,0.821875,0.9972225000000001,1
2,4,0.701563,0.6388895,0.821875,0.9972225000000001,7
2,4,0.701563,0.6388895,0.821875,0.9972225000000001,12
2,4,0.701563,0.6388895,0.821875,0.9972225000000001,18
2,4,0.701563,0.6388895,0.821875,0.9972225000000001,25
2,4,0.701563,0.6388895,0.821875,0.9972225000000001,32
2,4,0.701563,0.6388895,0.821875,0.9972225000000001,39
2,4,0.701563,0.6388895,0.821875,0.9972225000000001,45
2,4,0.49375,0.58055555,0.5125000000000001,0.66944445,1
2,4,0.49375,0.58055555,0.5125000000000001,0.66944445,7
2,4,0.49375,0.58055555,0.5125000000000001,0.66944445,12
2,4,0.49375,0.58055555,0.5125000000000001,0.66944445,18
2,4,0.49375,0.58055555,0.5125000000000001,0.66944445,25
2,4,0.49375,0.58055555,0.5125000000000001,0.66944445,32
2,4,0.49375,0.58055555,0.5125000000000001,0.66944445,39
2,4,0.49375,0.58055555,0.5125000000000001,0.66944445,45
2,4,0.3296875,0.5805555,0.3890625,0.8638885000000001,1
2,4,0.3296875,0.5805555,0.3890625,0.8638885000000001,7
2,4,0.3296875,0.5805555,0.3890625,0.8638885000000001,12
2,4,0.3296875,0.5805555,0.3890625,0.8638885000000001,18
2,4,0.3296875,0.5805555,0.3890625,0.8638885000000001,25
2,4,0.3296875,0.5805555,0.3890625,0.8638885000000001,32
2,4,0.3296875,0.5805555,0.3890625,0.8638885000000001,39
2,4,0.3296875,0.5805555,0.3890625,0.8638885000000001,45
2,4,0.17812500000000003,0.5833335000000001,0.329687,0.9972225000000001,1
2,4,0.17812500000000003,0.5833335000000001,0.329687,0.9972225000000001,7
2,4,0.17812500000000003,0.5833335000000001,0.329687,0.9972225000000001,12
2,4,0.17812500000000003,0.5833335000000001,0.329687,0.9972225000000001,18
2,4,0.17812500000000003,0.5833335000000001,0.329687,0.9972225000000001,25
2,4,0.17812500000000003,0.5833335000000001,0.329687,0.9972225000000001,32
2,4,0.17812500000000003,0.5833335000000001,0.329687,0.9972225000000001,39
2,4,0.17812500000000003,0.5833335000000001,0.329687,0.9972225000000001,45
2,5,0.98125,0.663889,1,0.766667,1
2,5,0.98125,0.663889,1,0.766667,7
2,5,0.98125,0.663889,1,0.766667,12
2,5,0.98125,0.663889,1,0.766667,18
2,5,0.98125,0.663889,1,0.766667,25
2,5,0.98125,0.663889,1,0.766667,32
2,5,0.98125,0.663889,1,0.766667,39
2,5,0.98125,0.663889,1,0.766667,45
2,5,0.48437475,0.5722222,0.49843725,0.6277777999999999,1
2,5,0.48437475,0.5722222,0.49843725,0.6277777999999999,7
2,5,0.48437475,0.5722222,0.49843725,0.6277777999999999,12
2,5,0.48437475,0.5722222,0.49843725,0.6277777999999999,18
2,5,0.48437475,0.5722222,0.49843725,0.6277777999999999,25
2,5,0.48437475,0.5722222,0.49843725,0.6277777999999999,32
2,5,0.48437475,0.5722222,0.49843725,0.6277777999999999,39
2,5,0.48437475,0.5722222,0.49843725,0.6277777999999999,45
2,5,0.36093775,0.583333,0.40625025,0.7361110000000001,1
2,5,0.36093775,0.583333,0.40625025,0.7361110000000001,7
2,5,0.36093775,0.583333,0.40625025,0.7361110000000001,12
2,5,0.36093775,0.583333,0.40625025,0.7361110000000001,18
2,5,0.36093775,0.583333,0.40625025,0.7361110000000001,25
2,5,0.36093775,0.583333,0.40625025,0.7361110000000001,32
2,5,0.36093775,0.583333,0.40625025,0.7361110000000001,39
2,5,0.36093775,0.583333,0.40625025,0.7361110000000001,45
2,5,0.5015624999999999,0.57777765,0.5234375,0.66944435,1
2,5,0.5015624999999999,0.57777765,0.5234375,0.66944435,7
2,5,0.5015624999999999,0.57777765,0.5234375,0.66944435,12
2,5,0.5015624999999999,0.57777765,0.5234375,0.66944435,18
2,5,0.5015624999999999,0.57777765,0.5234375,0.66944435,25
2,5,0.5015624999999999,0.57777765,0.5234375,0.66944435,32
2,5,0.5015624999999999,0.57777765,0.5234375,0.66944435,39
2,5,0.5015624999999999,0.57777765,0.5234375,0.66944435,45
2,5,0.4515625,0.569444,0.4734375,0.669444,1
2,5,0.4515625,0.569444,0.4734375,0.669444,7
2,5,0.4515625,0.569444,0.4734375,0.669444,12
2,5,0.4515625,0.569444,0.4734375,0.669444,18
2,5,0.4515625,0.569444,0.4734375,0.669444,25
2,5,0.4515625,0.569444,0.4734375,0.669444,32
2,5,0.4515625,0.569444,0.4734375,0.669444,39
2,5,0.4515625,0.569444,0.4734375,0.669444,45
2,5,0.9406252499999999,0.572222,0.9640627499999999,0.6722220000000001,1
2,5,0.9406252499999999,0.572222,0.9640627499999999,0.6722220000000001,7
2,5,0.9406252499999999,0.572222,0.9640627499999999,0.6722220000000001,12
2,5,0.9406252499999999,0.572222,0.9640627499999999,0.6722220000000001,18
2,5,0.9406252499999999,0.572222,0.9640627499999999,0.6722220000000001,25
2,5,0.9406252499999999,0.572222,0.9640627499999999,0.6722220000000001,32
2,5,0.9406252499999999,0.572222,0.9640627499999999,0.6722220000000001,39
2,5,0.9406252499999999,0.572222,0.9640627499999999,0.6722220000000001,45
2,5,0.6359374999999999,0.625,0.7515625,0.9944440000000002,1
2,5,0.6359374999999999,0.625,0.7515625,0.9944440000000002,7
2,5,0.6359374999999999,0.625,0.7515625,0.9944440000000002,12
2,5,0.6359374999999999,0.625,0.7515625,0.9944440000000002,18
2,5,0.6359374999999999,0.625,0.7515625,0.9944440000000002,25
2,5,0.6359374999999999,0.625,0.7515625,0.9944440000000002,32
2,5,0.6359374999999999,0.625,0.7515625,0.9944440000000002,39
2,5,0.6359374999999999,0.625,0.7515625,0.9944440000000002,45
2,5,0.264063,0.5805555,0.403125,0.9972224999999999,1
2,5,0.264063,0.5805555,0.403125,0.9972224999999999,7
2,5,0.264063,0.5805555,0.403125,0.9972224999999999,12
2,5,0.264063,0.5805555,0.403125,0.9972224999999999,18
2,5,0.264063,0.5805555,0.403125,0.9972224999999999,25
2,5,0.264063,0.5805555,0.403125,0.9972224999999999,32
2,5,0.264063,0.5805555,0.403125,0.9972224999999999,39
2,5,0.264063,0.5805555,0.403125,0.9972224999999999,45
2,6,0.4749995,0.5722221,0.4906245,0.6249999,1
2,6,0.4749995,0.5722221,0.4906245,0.6249999,7
2,6,0.4749995,0.5722221,0.4906245,0.6249999,12
2,6,0.4749995,0.5722221,0.4906245,0.6249999,18
2,6,0.4749995,0.5722221,0.4906245,0.6249999,25
2,6,0.4749995,0.5722221,0.4906245,0.6249999,32
2,6,0.4749995,0.5722221,0.4906245,0.6249999,39
2,6,0.4749995,0.5722221,0.4906245,0.6249999,45
2,6,0.45312475,0.5694448,0.47343725000000003,0.6638892,1
2,6,0.45312475,0.5694448,0.47343725000000003,0.6638892,7
2,6,0.45312475,0.5694448,0.47343725000000003,0.6638892,12
2,6,0.45312475,0.5694448,0.47343725000000003,0.6638892,18
2,6,0.45312475,0.5694448,0.47343725000000003,0.6638892,25
2,6,0.45312475,0.5694448,0.47343725000000003,0.6638892,32
2,6,0.45312475,0.5694448,0.47343725000000003,0.6638892,39
2,6,0.45312475,0.5694448,0.47343725000000003,0.6638892,45
2,6,0.5015627500000001,0.57777765,0.52187525,0.66944435,1
2,6,0.5015627500000001,0.57777765,0.52187525,0.66944435,7
2,6,0.5015627500000001,0.57777765,0.52187525,0.66944435,12
2,6,0.5015627500000001,0.57777765,0.52187525,0.66944435,18
2,6,0.5015627500000001,0.57777765,0.52187525,0.66944435,25
2,6,0.5015627500000001,0.57777765,0.52187525,0.66944435,32
2,6,0.5015627500000001,0.57777765,0.52187525,0.66944435,39
2,6,0.5015627500000001,0.57777765,0.52187525,0.66944435,45
2,6,0.58593775,0.6055555,0.68125025,0.9972225000000001,1
2,6,0.58593775,0.6055555,0.68125025,0.9972225000000001,7
2,6,0.58593775,0.6055555,0.68125025,0.9972225000000001,12
2,6,0.58593775,0.6055555,0.68125025,0.9972225000000001,18
2,6,0.58593775,0.6055555,0.68125025,0.9972225000000001,25
2,6,0.58593775,0.6055555,0.68125025,0.9972225000000001,32
2,6,0.58593775,0.6055555,0.68125025,0.9972225000000001,39
2,6,0.58593775,0.6055555,0.68125025,0.9972225000000001,45
2,6,0.26718749999999997,0.5833335000000001,0.4328125,0.9972225000000001,1
2,6,0.26718749999999997,0.5833335000000001,0.4328125,0.9972225000000001,7
2,6,0.26718749999999997,0.5833335000000001,0.4328125,0.9972225000000001,12
2,6,0.26718749999999997,0.5833335000000001,0.4328125,0.9972225000000001,18
2,6,0.26718749999999997,0.5833335000000001,0.4328125,0.9972225000000001,25
2,6,0.26718749999999997,0.5833335000000001,0.4328125,0.9972225000000001,32
2,6,0.26718749999999997,0.5833335000000001,0.4328125,0.9972225000000001,39
2,6,0.26718749999999997,0.5833335000000001,0.4328125,0.9972225000000001,45
2,7,0.42968700000000004,0.57500035,0.442187,0.63333365,1
2,7,0.42968700000000004,0.57500035,0.442187,0.63333365,7
2,7,0.42968700000000004,0.57500035,0.442187,0.63333365,12
2,7,0.42968700000000004,0.57500035,0.442187,0.63333365,18
2,7,0.42968700000000004,0.57500035,0.442187,0.63333365,25
2,7,0.42968700000000004,0.57500035,0.442187,0.63333365,32
2,7,0.42968700000000004,0.57500035,0.442187,0.63333365,39
2,7,0.42968700000000004,0.57500035,0.442187,0.63333365,45
2,7,0.459375,0.572222,0.471875,0.647222,1
2,7,0.459375,0.572222,0.471875,0.647222,7
2,7,0.459375,0.572222,0.471875,0.647222,12
2,7,0.459375,0.572222,0.471875,0.647222,18
2,7,0.459375,0.572222,0.471875,0.647222,25
2,7,0.459375,0.572222,0.471875,0.647222,32
2,7,0.459375,0.572222,0.471875,0.647222,39
2,7,0.459375,0.572222,0.471875,0.647222,45
2,7,0.4765625,0.57499955,0.4921875,0.63888845,1
2,7,0.4765625,0.57499955,0.4921875,0.63888845,7
2,7,0.4765625,0.57499955,0.4921875,0.63888845,12
2,7,0.4765625,0.57499955,0.4921875,0.63888845,18
2,7,0.4765625,0.57499955,0.4921875,0.63888845,25
2,7,0.4765625,0.57499955,0.4921875,0.63888845,32
2,7,0.4765625,0.57499955,0.4921875,0.63888845,39
2,7,0.4765625,0.57499955,0.4921875,0.63888845,45
2,7,0.44374975,0.57222265,0.4640622499999999,0.66388935,1
2,7,0.44374975,0.57222265,0.4640622499999999,0.66388935,7
2,7,0.44374975,0.57222265,0.4640622499999999,0.66388935,12
2,7,0.44374975,0.57222265,0.4640622499999999,0.66388935,18
2,7,0.44374975,0.57222265,0.4640622499999999,0.66388935,25
2,7,0.44374975,0.57222265,0.4640622499999999,0.66388935,32
2,7,0.44374975,0.57222265,0.4640622499999999,0.66388935,39
2,7,0.44374975,0.57222265,0.4640622499999999,0.66388935,45
2,7,0.9750002500000001,0.56944445,0.9984377500000001,0.6555555500000001,1
2,7,0.9750002500000001,0.56944445,0.9984377500000001,0.6555555500000001,7
2,7,0.9750002500000001,0.56944445,0.9984377500000001,0.6555555500000001,12
2,7,0.9750002500000001,0.56944445,0.9984377500000001,0.6555555500000001,18
2,7,0.9750002500000001,0.56944445,0.9984377500000001,0.6555555500000001,25
2,7,0.9750002500000001,0.56944445,0.9984377500000001,0.6555555500000001,32
2,7,0.9750002500000001,0.56944445,0.9984377500000001,0.6555555500000001,39
2,7,0.9750002500000001,0.56944445,0.9984377500000001,0.6555555500000001,45
2,7,0.9093755,0.5638885,0.9312505000000002,0.6777774999999999,1
2,7,0.9093755,0.5638885,0.9312505000000002,0.6777774999999999,7
2,7,0.9093755,0.5638885,0.9312505000000002,0.6777774999999999,12
2,7,0.9093755,0.5638885,0.9312505000000002,0.6777774999999999,18
2,7,0.9093755,0.5638885,0.9312505000000002,0.6777774999999999,25
2,7,0.9093755,0.5638885,0.9312505000000002,0.6777774999999999,32
2,7,0.9093755,0.5638885,0.9312505000000002,0.6777774999999999,39
2,7,0.9093755,0.5638885,0.9312505000000002,0.6777774999999999,45
2,7,0.49531274999999997,0.57777765,0.5156252499999999,0.66944435,1
2,7,0.49531274999999997,0.57777765,0.5156252499999999,0.66944435,7
2,7,0.49531274999999997,0.57777765,0.5156252499999999,0.66944435,12
2,7,0.49531274999999997,0.57777765,0.5156252499999999,0.66944435,18
2,7,0.49531274999999997,0.57777765,0.5156252499999999,0.66944435,25
2,7,0.49531274999999997,0.57777765,0.5156252499999999,0.66944435,32
2,7,0.49531274999999997,0.57777765,0.5156252499999999,0.66944435,39
2,7,0.49531274999999997,0.57777765,0.5156252499999999,0.66944435,45
2,7,0.265625,0.5805555,0.415625,0.9972224999999999,1
2,7,0.265625,0.5805555,0.415625,0.9972224999999999,7
2,7,0.265625,0.5805555,0.415625,0.9972224999999999,12
2,7,0.265625,0.5805555,0.415625,0.9972224999999999,18
2,7,0.265625,0.5805555,0.415625,0.9972224999999999,25
2,7,0.265625,0.5805555,0.415625,0.9972224999999999,32
2,7,0.265625,0.5805555,0.415625,0.9972224999999999,39
2,7,0.265625,0.5805555,0.415625,0.9972224999999999,45
2,7,0.51562475,0.619444,0.60468725,0.9972219999999999,1
2,7,0.51562475,0.619444,0.60468725,0.9972219999999999,7
2,7,0.51562475,0.619444,0.60468725,0.9972219999999999,12
2,7,0.51562475,0.619444,0.60468725,0.9972219999999999,18
2,7,0.51562475,0.619444,0.60468725,0.9972219999999999,25
2,7,0.51562475,0.619444,0.60468725,0.9972219999999999,32
2,7,0.51562475,0.619444,0.60468725,0.9972219999999999,39
2,7,0.51562475,0.619444,0.60468725,0.9972219999999999,45
2,8,0.4859375,0.5833338,0.5015625,0.6527782000000001,1
2,8,0.4859375,0.5833338,0.5015625,0.6527782000000001,7
2,8,0.4859375,0.5833338,0.5015625,0.6527782000000001,12
2,8,0.4859375,0.5833338,0.5015625,0.6527782000000001,18
2,8,0.4859375,0.5833338,0.5015625,0.6527782000000001,25
2,8,0.4859375,0.5833338,0.5015625,0.6527782000000001,32
2,8,0.4859375,0.5833338,0.5015625,0.6527782000000001,39
2,8,0.4859375,0.5833338,0.5015625,0.6527782000000001,45
2,8,0.45468775,0.5694445499999999,0.46875025,0.63333345,1
2,8,0.45468775,0.5694445499999999,0.46875025,0.63333345,7
2,8,0.45468775,0.5694445499999999,0.46875025,0.63333345,12
2,8,0.45468775,0.5694445499999999,0.46875025,0.63333345,18
2,8,0.45468775,0.5694445499999999,0.46875025,0.63333345,25
2,8,0.45468775,0.5694445499999999,0.46875025,0.63333345,32
2,8,0.45468775,0.5694445499999999,0.46875025,0.63333345,39
2,8,0.45468775,0.5694445499999999,0.46875025,0.63333345,45
2,8,0.33593725,0.580556,0.39062475,0.755556,1
2,8,0.33593725,0.580556,0.39062475,0.755556,7
2,8,0.33593725,0.580556,0.39062475,0.755556,12
2,8,0.33593725,0.580556,0.39062475,0.755556,18
2,8,0.33593725,0.580556,0.39062475,0.755556,25
2,8,0.33593725,0.580556,0.39062475,0.755556,32
2,8,0.33593725,0.580556,0.39062475,0.755556,39
2,8,0.33593725,0.580556,0.39062475,0.755556,45
2,8,0.43281200000000003,0.57222255,0.451562,0.6611114499999999,1
2,8,0.43281200000000003,0.57222255,0.451562,0.6611114499999999,7
2,8,0.43281200000000003,0.57222255,0.451562,0.6611114499999999,12
2,8,0.43281200000000003,0.57222255,0.451562,0.6611114499999999,18
2,8,0.43281200000000003,0.57222255,0.451562,0.6611114499999999,25
2,8,0.43281200000000003,0.57222255,0.451562,0.6611114499999999,32
2,8,0.43281200000000003,0.57222255,0.451562,0.6611114499999999,39
2,8,0.43281200000000003,0.57222255,0.451562,0.6611114499999999,45
2,8,0.2140625,0.566666,0.37187549999999997,0.9972219999999999,1
2,8,0.2140625,0.566666,0.37187549999999997,0.9972219999999999,7
2,8,0.2140625,0.566666,0.37187549999999997,0.9972219999999999,12
2,8,0.2140625,0.566666,0.37187549999999997,0.9972219999999999,18
2,8,0.2140625,0.566666,0.37187549999999997,0.9972219999999999,25
2,8,0.2140625,0.566666,0.37187549999999997,0.9972219999999999,32
2,8,0.2140625,0.566666,0.37187549999999997,0.9972219999999999,39
2,8,0.2140625,0.566666,0.37187549999999997,0.9972219999999999,45
2,8,0.470313,0.591666,0.551563,0.997222,1
2,8,0.470313,0.591666,0.551563,0.997222,7
2,8,0.470313,0.591666,0.551563,0.997222,12
2,8,0.470313,0.591666,0.551563,0.997222,18
2,8,0.470313,0.591666,0.551563,0.997222,25
2,8,0.470313,0.591666,0.551563,0.997222,32
2,8,0.470313,0.591666,0.551563,0.997222,39
2,8,0.470313,0.591666,0.551563,0.997222,45
3,2,0.478125,0.5361111,0.496875,0.6138889,1
3,2,0.478125,0.5361111,0.496875,0.6138889,7
3,2,0.478125,0.5361111,0.496875,0.6138889,12
3,2,0.478125,0.5361111,0.496875,0.6138889,18
3,2,0.478125,0.5361111,0.496875,0.6138889,25
3,2,0.478125,0.5361111,0.496875,0.6138889,32
3,2,0.478125,0.5361111,0.496875,0.6138889,39
3,2,0.478125,0.5361111,0.496875,0.6138889,45
3,2,0.38281275,0.530556,0.41562525,0.7,1
3,2,0.38281275,0.530556,0.41562525,0.7,7
3,2,0.38281275,0.530556,0.41562525,0.7,12
3,2,0.38281275,0.530556,0.41562525,0.7,18
3,2,0.38281275,0.530556,0.41562525,0.7,25
3,2,0.38281275,0.530556,0.41562525,0.7,32
3,2,0.38281275,0.530556,0.41562525,0.7,39
3,2,0.38281275,0.530556,0.41562525,0.7,45
3,2,0.45625024999999997,0.536111,0.47343775,0.611111,1
3,2,0.45625024999999997,0.536111,0.47343775,0.611111,7
3,2,0.45625024999999997,0.536111,0.47343775,0.611111,12
3,2,0.45625024999999997,0.536111,0.47343775,0.611111,18
3,2,0.45625024999999997,0.536111,0.47343775,0.611111,25
3,2,0.45625024999999997,0.536111,0.47343775,0.611111,32
3,2,0.45625024999999997,0.536111,0.47343775,0.611111,39
3,2,0.45625024999999997,0.536111,0.47343775,0.611111,45
3,2,0.4218752500000001,0.519444,0.45156275,0.6694439999999999,1
3,2,0.4218752500000001,0.519444,0.45156275,0.6694439999999999,7
3,2,0.4218752500000001,0.519444,0.45156275,0.6694439999999999,12
3,2,0.4218752500000001,0.519444,0.45156275,0.6694439999999999,18
3,2,0.4218752500000001,0.519444,0.45156275,0.6694439999999999,25
3,2,0.4218752500000001,0.519444,0.45156275,0.6694439999999999,32
3,2,0.4218752500000001,0.519444,0.45156275,0.6694439999999999,39
3,2,0.4218752500000001,0.519444,0.45156275,0.6694439999999999,45
3,3,0.4749995,0.5333333499999999,0.4906245,0.61666665,1
3,3,0.4749995,0.5333333499999999,0.4906245,0.61666665,7
3,3,0.4749995,0.5333333499999999,0.4906245,0.61666665,12
3,3,0.4749995,0.5333333499999999,0.4906245,0.61666665,18
3,3,0.4749995,0.5333333499999999,0.4906245,0.61666665,25
3,3,0.4749995,0.5333333499999999,0.4906245,0.61666665,32
3,3,0.4749995,0.5333333499999999,0.4906245,0.61666665,39
3,3,0.4749995,0.5333333499999999,0.4906245,0.61666665,45
3,3,0.48593775,0.54444465,0.50625025,0.63611135,1
3,3,0.48593775,0.54444465,0.50625025,0.63611135,7
3,3,0.48593775,0.54444465,0.50625025,0.63611135,12
3,3,0.48593775,0.54444465,0.50625025,0.63611135,18
3,3,0.48593775,0.54444465,0.50625025,0.63611135,25
3,3,0.48593775,0.54444465,0.50625025,0.63611135,32
3,3,0.48593775,0.54444465,0.50625025,0.63611135,39
3,3,0.48593775,0.54444465,0.50625025,0.63611135,45
3,3,0.379687,0.5361104999999999,0.410937,0.7027775,1
3,3,0.379687,0.5361104999999999,0.410937,0.7027775,7
3,3,0.379687,0.5361104999999999,0.410937,0.7027775,12
3,3,0.379687,0.5361104999999999,0.410937,0.7027775,18
3,3,0.379687,0.5361104999999999,0.410937,0.7027775,25
3,3,0.379687,0.5361104999999999,0.410937,0.7027775,32
3,3,0.379687,0.5361104999999999,0.410937,0.7027775,39
3,3,0.379687,0.5361104999999999,0.410937,0.7027775,45
3,3,0.453125,0.5333332,0.471875,0.6138888,1
3,3,0.453125,0.5333332,0.471875,0.6138888,7
3,3,0.453125,0.5333332,0.471875,0.6138888,12
3,3,0.453125,0.5333332,0.471875,0.6138888,18
3,3,0.453125,0.5333332,0.471875,0.6138888,25
3,3,0.453125,0.5333332,0.471875,0.6138888,32
3,3,0.453125,0.5333332,0.471875,0.6138888,39
3,3,0.453125,0.5333332,0.471875,0.6138888,45
3,3,0.4218747499999999,0.513889,0.44843725,0.663889,1
3,3,0.4218747499999999,0.513889,0.44843725,0.663889,7
3,3,0.4218747499999999,0.513889,0.44843725,0.663889,12
3,3,0.4218747499999999,0.513889,0.44843725,0.663889,18
3,3,0.4218747499999999,0.513889,0.44843725,0.663889,25
3,3,0.4218747499999999,0.513889,0.44843725,0.663889,32
3,3,0.4218747499999999,0.513889,0.44843725,0.663889,39
3,3,0.4218747499999999,0.513889,0.44843725,0.663889,45
3,4,0.47812525,0.53333355,0.49531274999999997,0.62222245,1
3,4,0.47812525,0.53333355,0.49531274999999997,0.62222245,7
3,4,0.47812525,0.53333355,0.49531274999999997,0.62222245,12
3,4,0.47812525,0.53333355,0.49531274999999997,0.62222245,18
3,4,0.47812525,0.53333355,0.49531274999999997,0.62222245,25
3,4,0.47812525,0.53333355,0.49531274999999997,0.62222245,32
3,4,0.47812525,0.53333355,0.49531274999999997,0.62222245,39
3,4,0.47812525,0.53333355,0.49531274999999997,0.62222245,45
3,4,0.5062500000000001,0.541667,0.53125,0.669445,1
3,4,0.5062500000000001,0.541667,0.53125,0.669445,7
3,4,0.5062500000000001,0.541667,0.53125,0.669445,12
3,4,0.5062500000000001,0.541667,0.53125,0.669445,18
3,4,0.5062500000000001,0.541667,0.53125,0.669445,25
3,4,0.5062500000000001,0.541667,0.53125,0.669445,32
3,4,0.5062500000000001,0.541667,0.53125,0.669445,39
3,4,0.5062500000000001,0.541667,0.53125,0.669445,45
3,4,0.382813,0.5333335,0.41406299999999996,0.6944445,1
3,4,0.382813,0.5333335,0.41406299999999996,0.6944445,7
3,4,0.382813,0.5333335,0.41406299999999996,0.6944445,12
3,4,0.382813,0.5333335,0.41406299999999996,0.6944445,18
3,4,0.382813,0.5333335,0.41406299999999996,0.6944445,25
3,4,0.382813,0.5333335,0.41406299999999996,0.6944445,32
3,4,0.382813,0.5333335,0.41406299999999996,0.6944445,39
3,4,0.382813,0.5333335,0.41406299999999996,0.6944445,45
3,4,0.45624975,0.53333345,0.4765622499999999,0.6194445500000001,1
3,4,0.45624975,0.53333345,0.4765622499999999,0.6194445500000001,7
3,4,0.45624975,0.53333345,0.4765622499999999,0.6194445500000001,12
3,4,0.45624975,0.53333345,0.4765622499999999,0.6194445500000001,18
3,4,0.45624975,0.53333345,0.4765622499999999,0.6194445500000001,25
3,4,0.45624975,0.53333345,0.4765622499999999,0.6194445500000001,32
3,4,0.45624975,0.53333345,0.4765622499999999,0.6194445500000001,39
3,4,0.45624975,0.53333345,0.4765622499999999,0.6194445500000001,45
3,4,0.41875025,0.516667,0.44218775,0.661111,1
3,4,0.41875025,0.516667,0.44218775,0.661111,7
3,4,0.41875025,0.516667,0.44218775,0.661111,12
3,4,0.41875025,0.516667,0.44218775,0.661111,18
3,4,0.41875025,0.516667,0.44218775,0.661111,25
3,4,0.41875025,0.516667,0.44218775,0.661111,32
3,4,0.41875025,0.516667,0.44218775,0.661111,39
3,4,0.41875025,0.516667,0.44218775,0.661111,45
3,5,0.46406274999999997,0.53055545,0.48437525,0.6166665499999999,1
3,5,0.46406274999999997,0.53055545,0.48437525,0.6166665499999999,7
3,5,0.46406274999999997,0.53055545,0.48437525,0.6166665499999999,12
3,5,0.46406274999999997,0.53055545,0.48437525,0.6166665499999999,18
3,5,0.46406274999999997,0.53055545,0.48437525,0.6166665499999999,25
3,5,0.46406274999999997,0.53055545,0.48437525,0.6166665499999999,32
3,5,0.46406274999999997,0.53055545,0.48437525,0.6166665499999999,39
3,5,0.46406274999999997,0.53055545,0.48437525,0.6166665499999999,45
3,5,0.485937,0.5277775,0.510937,0.6416664999999999,1
3,5,0.485937,0.5277775,0.510937,0.6416664999999999,7
3,5,0.485937,0.5277775,0.510937,0.6416664999999999,12
3,5,0.485937,0.5277775,0.510937,0.6416664999999999,18
3,5,0.485937,0.5277775,0.510937,0.6416664999999999,25
3,5,0.485937,0.5277775,0.510937,0.6416664999999999,32
3,5,0.485937,0.5277775,0.510937,0.6416664999999999,39
3,5,0.485937,0.5277775,0.510937,0.6416664999999999,45
3,5,0.4234375,0.5138885,0.4453125,0.6527775,1
3,5,0.4234375,0.5138885,0.4453125,0.6527775,7
3,5,0.4234375,0.5138885,0.4453125,0.6527775,12
3,5,0.4234375,0.5138885,0.4453125,0.6527775,18
3,5,0.4234375,0.5138885,0.4453125,0.6527775,25
3,5,0.4234375,0.5138885,0.4453125,0.6527775,32
3,5,0.4234375,0.5138885,0.4453125,0.6527775,39
3,5,0.4234375,0.5138885,0.4453125,0.6527775,45
3,5,0.44531299999999996,0.5222225500000001,0.464063,0.61111145,1
3,5,0.44531299999999996,0.5222225500000001,0.464063,0.61111145,7
3,5,0.44531299999999996,0.5222225500000001,0.464063,0.61111145,12
3,5,0.44531299999999996,0.5222225500000001,0.464063,0.61111145,18
3,5,0.44531299999999996,0.5222225500000001,0.464063,0.61111145,25
3,5,0.44531299999999996,0.5222225500000001,0.464063,0.61111145,32
3,5,0.44531299999999996,0.5222225500000001,0.464063,0.61111145,39
3,5,0.44531299999999996,0.5222225500000001,0.464063,0.61111145,45
3,5,0.53437525,0.5416665,0.5703127499999999,0.7249995,1
3,5,0.53437525,0.5416665,0.5703127499999999,0.7249995,7
3,5,0.53437525,0.5416665,0.5703127499999999,0.7249995,12
3,5,0.53437525,0.5416665,0.5703127499999999,0.7249995,18
3,5,0.53437525,0.5416665,0.5703127499999999,0.7249995,25
3,5,0.53437525,0.5416665,0.5703127499999999,0.7249995,32
3,5,0.53437525,0.5416665,0.5703127499999999,0.7249995,39
3,5,0.53437525,0.5416665,0.5703127499999999,0.7249995,45
3,5,0.3937495,0.516667,0.4281245,0.6888890000000001,1
3,5,0.3937495,0.516667,0.4281245,0.6888890000000001,7
3,5,0.3937495,0.516667,0.4281245,0.6888890000000001,12
3,5,0.3937495,0.516667,0.4281245,0.6888890000000001,18
3,5,0.3937495,0.516667,0.4281245,0.6888890000000001,25
3,5,0.3937495,0.516667,0.4281245,0.6888890000000001,32
3,5,0.3937495,0.516667,0.4281245,0.6888890000000001,39
3,5,0.3937495,0.516667,0.4281245,0.6888890000000001,45
3,6,0.43281274999999997,0.519445,0.45312525,0.666667,1
3,6,0.43281274999999997,0.519445,0.45312525,0.666667,7
3,6,0.43281274999999997,0.519445,0.45312525,0.666667,12
3,6,0.43281274999999997,0.519445,0.45312525,0.666667,18
3,6,0.43281274999999997,0.519445,0.45312525,0.666667,25
3,6,0.43281274999999997,0.519445,0.45312525,0.666667,32
3,6,0.43281274999999997,0.519445,0.45312525,0.666667,39
3,6,0.43281274999999997,0.519445,0.45312525,0.666667,45
3,6,0.47500025,0.5416671,0.4921877500000001,0.6194449,1
3,6,0.47500025,0.5416671,0.4921877500000001,0.6194449,7
3,6,0.47500025,0.5416671,0.4921877500000001,0.6194449,12
3,6,0.47500025,0.5416671,0.4921877500000001,0.6194449,18
3,6,0.47500025,0.5416671,0.4921877500000001,0.6194449,25
3,6,0.47500025,0.5416671,0.4921877500000001,0.6194449,32
3,6,0.47500025,0.5416671,0.4921877500000001,0.6194449,39
3,6,0.47500025,0.5416671,0.4921877500000001,0.6194449,45
3,6,0.4062497499999999,0.5277775,0.43906225,0.6888885,1
3,6,0.4062497499999999,0.5277775,0.43906225,0.6888885,7
3,6,0.4062497499999999,0.5277775,0.43906225,0.6888885,12
3,6,0.4062497499999999,0.5277775,0.43906225,0.6888885,18
3,6,0.4062497499999999,0.5277775,0.43906225,0.6888885,25
3,6,0.4062497499999999,0.5277775,0.43906225,0.6888885,32
3,6,0.4062497499999999,0.5277775,0.43906225,0.6888885,39
3,6,0.4062497499999999,0.5277775,0.43906225,0.6888885,45
3,6,0.501562,0.522222,0.539062,0.6944440000000001,1
3,6,0.501562,0.522222,0.539062,0.6944440000000001,7
3,6,0.501562,0.522222,0.539062,0.6944440000000001,12
3,6,0.501562,0.522222,0.539062,0.6944440000000001,18
3,6,0.501562,0.522222,0.539062,0.6944440000000001,25
3,6,0.501562,0.522222,0.539062,0.6944440000000001,32
3,6,0.501562,0.522222,0.539062,0.6944440000000001,39
3,6,0.501562,0.522222,0.539062,0.6944440000000001,45
3,6,0.5968749999999999,0.538889,0.678125,0.911111,1
3,6,0.5968749999999999,0.538889,0.678125,0.911111,7
3,6,0.5968749999999999,0.538889,0.678125,0.911111,12
3,6,0.5968749999999999,0.538889,0.678125,0.911111,18
3,6,0.5968749999999999,0.538889,0.678125,0.911111,25
3,6,0.5968749999999999,0.538889,0.678125,0.911111,32
3,6,0.5968749999999999,0.538889,0.678125,0.911111,39
3,6,0.5968749999999999,0.538889,0.678125,0.911111,45
3,7,0.42968775,0.5277775,0.46250025,0.6861105000000001,1
3,7,0.42968775,0.5277775,0.46250025,0.6861105000000001,7
3,7,0.42968775,0.5277775,0.46250025,0.6861105000000001,12
3,7,0.42968775,0.5277775,0.46250025,0.6861105000000001,18
3,7,0.42968775,0.5277775,0.46250025,0.6861105000000001,25
3,7,0.42968775,0.5277775,0.46250025,0.6861105000000001,32
3,7,0.42968775,0.5277775,0.46250025,0.6861105000000001,39
3,7,0.42968775,0.5277775,0.46250025,0.6861105000000001,45
3,7,0.482813,0.5444441,0.501563,0.6222219,1
3,7,0.482813,0.5444441,0.501563,0.6222219,7
3,7,0.482813,0.5444441,0.501563,0.6222219,12
3,7,0.482813,0.5444441,0.501563,0.6222219,18
3,7,0.482813,0.5444441,0.501563,0.6222219,25
3,7,0.482813,0.5444441,0.501563,0.6222219,32
3,7,0.482813,0.5444441,0.501563,0.6222219,39
3,7,0.482813,0.5444441,0.501563,0.6222219,45
3,7,0.53437525,0.5222224999999999,0.58906275,0.7638895,1
3,7,0.53437525,0.5222224999999999,0.58906275,0.7638895,7
3,7,0.53437525,0.5222224999999999,0.58906275,0.7638895,12
3,7,0.53437525,0.5222224999999999,0.58906275,0.7638895,18
3,7,0.53437525,0.5222224999999999,0.58906275,0.7638895,25
3,7,0.53437525,0.5222224999999999,0.58906275,0.7638895,32
3,7,0.53437525,0.5222224999999999,0.58906275,0.7638895,39
3,7,0.53437525,0.5222224999999999,0.58906275,0.7638895,45
3,8,0.48125025,0.5555557999999999,0.49843775,0.6250002,1
3,8,0.48125025,0.5555557999999999,0.49843775,0.6250002,7
3,8,0.48125025,0.5555557999999999,0.49843775,0.6250002,12
3,8,0.48125025,0.5555557999999999,0.49843775,0.6250002,18
3,8,0.48125025,0.5555557999999999,0.49843775,0.6250002,25
3,8,0.48125025,0.5555557999999999,0.49843775,0.6250002,32
3,8,0.48125025,0.5555557999999999,0.49843775,0.6250002,39
3,8,0.48125025,0.5555557999999999,0.49843775,0.6250002,45
3,8,0.44531275,0.5333335,0.47187524999999997,0.6666664999999999,1
3,8,0.44531275,0.5333335,0.47187524999999997,0.6666664999999999,7
3,8,0.44531275,0.5333335,0.47187524999999997,0.6666664999999999,12
3,8,0.44531275,0.5333335,0.47187524999999997,0.6666664999999999,18
3,8,0.44531275,0.5333335,0.47187524999999997,0.6666664999999999,25
3,8,0.44531275,0.5333335,0.47187524999999997,0.6666664999999999,32
3,8,0.44531275,0.5333335,0.47187524999999997,0.6666664999999999,39
3,8,0.44531275,0.5333335,0.47187524999999997,0.6666664999999999,45
3,8,0.65156225,0.513889,0.7437497500000001,0.983333,1
3,8,0.65156225,0.513889,0.7437497500000001,0.983333,7
3,8,0.65156225,0.513889,0.7437497500000001,0.983333,12
3,8,0.65156225,0.513889,0.7437497500000001,0.983333,18
3,8,0.65156225,0.513889,0.7437497500000001,0.983333,25
3,8,0.65156225,0.513889,0.7437497500000001,0.983333,32
3,8,0.65156225,0.513889,0.7437497500000001,0.983333,39
3,8,0.65156225,0.513889,0.7437497500000001,0.983333,45
